unipos	unires	brca1_OLAP_LFC_pos_05_psig	brca1_OLAP_LFC_pos_05_psig_Clust_6A	brca1_OLAP_LFC3D_pos_05_psig	brca1_OLAP_LFC3D_pos_05_psig_Clust_6A	brca1_OLAP_union_pos_05_psig	brca1_OLAP_union_pos_05_psig_Clust_6A	unires	brca1_OLAP_LFC_neg_05_psig	brca1_OLAP_LFC_neg_05_psig_Clust_6A	brca1_OLAP_LFC3D_neg_05_psig	brca1_OLAP_LFC3D_neg_05_psig_Clust_6A	brca1_OLAP_union_neg_05_psig	brca1_OLAP_union_neg_05_psig_Clust_6A	brca1_OLAP_LFC_05_hits	brca1_OLAP_LFC3D_05_hits	unires	brca1_CISP_LFC_pos_05_psig	brca1_CISP_LFC_pos_05_psig_Clust_6A	brca1_CISP_LFC3D_pos_05_psig	brca1_CISP_LFC3D_pos_05_psig_Clust_6A	brca1_CISP_union_pos_05_psig	brca1_CISP_union_pos_05_psig_Clust_6A	unires	brca1_CISP_LFC_neg_05_psig	brca1_CISP_LFC_neg_05_psig_Clust_6A	brca1_CISP_LFC3D_neg_05_psig	brca1_CISP_LFC3D_neg_05_psig_Clust_6A	brca1_CISP_union_neg_05_psig	brca1_CISP_union_neg_05_psig_Clust_6A	brca1_CISP_LFC_05_hits	brca1_CISP_LFC3D_05_hits	SUM_LFC_pos_05_psig	SUM_LFC_pos_05_psig_Clust_6A	SUM_LFC3D_pos_05_psig	SUM_LFC3D_pos_05_psig_Clust_6A	SUM_union_pos_05_psig	SUM_union_pos_05_psig_Clust_6A	SUM_LFC_neg_05_psig	SUM_LFC_neg_05_psig_Clust_6A	SUM_LFC3D_neg_05_psig	SUM_LFC3D_neg_05_psig_Clust_6A	SUM_union_neg_05_psig	SUM_union_neg_05_psig_Clust_6A	SUM_LFC_05_hits	SUM_LFC3D_05_hits
1	M	-		-		-		M	-		-		-				M	-		-		-		M	-		-		-				-		-		-		-		-		-			
2	D	-		-		-		D	-		-		-				D	-		-		-		D	-		-		-				-		-		-		-		-		-			
3	L	-		-		-		L	-		-		-				L	-		-		-		L	-		-		-				-		-		-		-		-		-			
4	S	-		-		-		S	-		-		-				S	-		-		-		S	-		-		-				-		-		-		-		-		-			
5	A	-		-		-		A	-		-		-				A	-		-		-		A	-		-		-				-		-		-		-		-		-			
6	L	-		-		-		L	-		-		-				L	-		-		-		L	-		-		-				-		-		-		-		-		-			
7	R	-		-		-		R	-		-		-				R	-		-		-		R	-		-		-				-		-		-		-		-		-			
8	V	-		-		-		V	-		-		-				V	-		-		-		V	-		-		-				-		-		-		-		-		-			
9	E	-		-		-		E	-		-		-				E	-		-		-		E	-		-		-				-		-		-		-		-		-			
10	E	-		-		-		E	-		-		-				E	-		-		-		E	-		-		-				-		-		-		-		-		-			
11	V	-		-		-		V	-		-		-				V	-		-		-		V	-		-		-				-		-		-		-		-		-			
12	Q	-		-		-		Q	-		-		-				Q	-		-		-		Q	-		-		-				-		-		-		-		-		-			
13	N	-		-		-		N	-		-		-				N	-		-		-		N	-		-		-				-		-		-		-		-		-			
14	V	-		-		-		V	-		-		-				V	-		-		-		V	-		-		-				-		-		-		-		-		-			
15	I	-		-		-		I	-		-		-				I	-		-		-		I	-		-		-				-		-		-		-		-		-			
16	N	-		-		-		N	-		-		-				N	-		-		-		N	-		-		-				-		-		-		-		-		-			
17	A	-		-		-		A	-		-		-				A	-		-		-		A	-		-		-				-		-		-		-		-		-			
18	M	-		-		-		M	-		-		-				M	-		-		-		M	-		-		-				-		-		-		-		-		-			
19	Q	-		-		-		Q	-		-		-				Q	-		-		-		Q	-		-		-				-		-		-		-		-		-			
20	K	-		-		-		K	-		-		-				K	-		-		-		K	-		-		-				-		-		-		-		-		-			
21	I	-		-		-		I	-		-		-				I	-		-		-		I	-		-		-				-		-		-		-		-		-			
22	L	-		-		-		L	-		-		-				L	-		-		-		L	-		-		-				-		-		-		-		-		-			
23	E	-		-		-		E	-		p>=0.05		p>=0.05				E	-		-		-		E	-		p>=0.05		p>=0.05				-		-		-		-		p>=0.05		p>=0.05			
24	C	-		-		-		C	-		p>=0.05		p>=0.05				C	-		-		-		C	-		p>=0.05		p>=0.05				-		-		-		-		p>=0.05		p>=0.05			
25	P	-		-		-		P	-		-		-				P	-		-		-		P	-		-		-				-		-		-		-		-		-			
26	I	-		-		-		I	-		-		-				I	-		-		-		I	-		-		-				-		-		-		-		-		-			
27	C	-		-		-		C	-		p>=0.05		p>=0.05				C	-		-		-		C	-		p>=0.05		p>=0.05				-		-		-		-		p>=0.05		p>=0.05			
28	L	-		-		-		L	-		p>=0.05		p>=0.05				L	-		-		-		L	-		p>=0.05		p>=0.05				-		-		-		-		p>=0.05		p>=0.05			
29	E	-		-		-		E	p>=0.05		p>=0.05		p>=0.05				E	-		-		-		E	p>=0.05		p>=0.05		p>=0.05				-		-		-		p>=0.05		p>=0.05		p>=0.05			
30	L	-		-		-		L	-		p>=0.05		p>=0.05				L	-		-		-		L	-		p>=0.05		p>=0.05				-		-		-		-		p>=0.05		p>=0.05			
31	I	-		-		-		I	-		-		-				I	-		-		-		I	-		-		-				-		-		-		-		-		-			
32	K	-		-		-		K	-		-		-				K	-		-		-		K	-		-		-				-		-		-		-		-		-			
33	E	-		-		-		E	-		-		-				E	-		-		-		E	-		-		-				-		-		-		-		-		-			
34	P	-		-		-		P	-		-		-				P	-		-		-		P	-		-		-				-		-		-		-		-		-			
35	V	-		-		-		V	-		-		-				V	-		-		-		V	-		-		-				-		-		-		-		-		-			
36	S	-		-		-		S	-		-		-				S	-		-		-		S	-		-		-				-		-		-		-		-		-			
37	T	-		-		-		T	-		-		-				T	-		-		-		T	-		-		-				-		-		-		-		-		-			
38	K	-		-		-		K	-		-		-				K	-		-		-		K	-		-		-				-		-		-		-		-		-			
39	C	-		-		-		C	-		-		-				C	-		-		-		C	-		-		-				-		-		-		-		-		-			
40	D	-		-		-		D	-		-		-				D	-		-		-		D	-		-		-				-		-		-		-		-		-			
41	H	-		-		-		H	-		-		-				H	-		-		-		H	-		-		-				-		-		-		-		-		-			
42	I	-		-		-		I	-		-		-				I	-		-		-		I	-		-		-				-		-		-		-		-		-			
43	F	-		-		-		F	-		-		-				F	-		-		-		F	-		-		-				-		-		-		-		-		-			
44	C	-		-		-		C	-		-		-				C	-		-		-		C	-		-		-				-		-		-		-		-		-			
45	K	-		-		-		K	-		-		-				K	-		-		-		K	-		-		-				-		-		-		-		-		-			
46	F	-		-		-		F	-		-		-				F	-		-		-		F	-		-		-				-		-		-		-		-		-			
47	C	-		-		-		C	-		-		-				C	-		-		-		C	-		-		-				-		-		-		-		-		-			
48	M	-		p<0.05	6.0	p<0.05	6.0	M	-		-		-			Pos	M	-		-		-		M	-		p>=0.05		p>=0.05				-		p<0.05	0.0	p<0.05	0.0	-		p>=0.05		p>=0.05			Pos
49	L	-		p<0.05	6.0	p<0.05	6.0	L	-		-		-			Pos	L	-		-		-		L	-		p>=0.05		p>=0.05				-		p<0.05	0.0	p<0.05	0.0	-		p>=0.05		p>=0.05			Pos
50	K	-		p<0.05	6.0	p<0.05	6.0	K	-		-		-			Pos	K	-		-		-		K	-		p>=0.05		p>=0.05				-		p<0.05	0.0	p<0.05	0.0	-		p>=0.05		p>=0.05			Pos
51	L	p>=0.05		p<0.05	6.0	p<0.05	6.0	L	-		-		-			Pos	L	-		-		-		L	p>=0.05		p>=0.05		p>=0.05				p<0.05	1.0	p<0.05	0.0	p<0.05	0.0	p>=0.05		p>=0.05		p>=0.05		Pos	Pos
52	L	p>=0.05		p<0.05	6.0	p<0.05	6.0	L	-		-		-			Pos	L	-		-		-		L	p>=0.05		p>=0.05		p>=0.05				p<0.05	1.0	p<0.05	0.0	p<0.05	0.0	p>=0.05		p>=0.05		p>=0.05		Pos	Pos
53	N	-		p<0.05	6.0	p<0.05	6.0	N	-		-		-			Pos	N	-		-		-		N	-		p>=0.05		p>=0.05				-		p<0.05	0.0	p<0.05	0.0	-		p>=0.05		p>=0.05			Pos
54	Q	-		p<0.05	6.0	p<0.05	6.0	Q	-		-		-			Pos	Q	-		-		-		Q	-		p>=0.05		p>=0.05				-		p<0.05	0.0	p<0.05	0.0	-		p>=0.05		p>=0.05			Pos
55	K	-		p<0.05	6.0	p<0.05	6.0	K	-		-		-			Pos	K	-		-		-		K	-		p>=0.05		p>=0.05				-		p<0.05	0.0	p<0.05	0.0	-		p>=0.05		p>=0.05			Pos
56	K	-		-		-		K	-		-		-				K	-		-		-		K	-		-		-				-		-		-		-		-		-			
57	G	-		-		-		G	-		-		-				G	-		-		-		G	-		-		-				-		-		-		-		-		-			
58	P	-		-		-		P	-		-		-				P	-		-		-		P	-		-		-				-		-		-		-		-		-			
59	S	-		p>=0.05		p>=0.05		S	-		-		-				S	-		p>=0.05		p>=0.05		S	-		-		-				-		p<0.05	0.0	p<0.05	0.0	-		-		-			Pos
60	Q	-		p>=0.05		p>=0.05		Q	-		-		-				Q	-		p<0.05	0.0	p<0.05	0.0	Q	-		-		-			Pos	-		p<0.05	0.0	p<0.05	0.0	-		-		-			Pos
61	C	-		-		-		C	-		p<0.05	2.0	p<0.05	2.0		Neg	C	-		-		-		C	-		p<0.05	10.0	p<0.05	10.0		Neg	-		-		-		-		p<0.05	2.0	p<0.05	12.0		Neg
62	P	-		-		-		P	-		-		-				P	-		-		-		P	-		-		-				-		-		-		-		-		-			
63	L	-		-		-		L	-		p<0.05	2.0	p<0.05	2.0		Neg	L	-		-		-		L	-		p<0.05	10.0	p<0.05	10.0		Neg	-		-		-		-		p<0.05	2.0	p<0.05	12.0		Neg
64	C	-		-		-		C	p<0.05	7.0	p<0.05	2.0	p<0.05	2.0	Neg	Neg	C	-		-		-		C	p<0.05	5.0	p<0.05	10.0	p<0.05	10.0	Neg	Neg	-		-		-		p<0.05	28.0	p<0.05	2.0	p<0.05	12.0	Neg	Neg
65	K	-		-		-		K	-		p<0.05	2.0	p<0.05	2.0		Neg	K	-		-		-		K	-		p<0.05	10.0	p<0.05	10.0		Neg	-		-		-		-		p<0.05	2.0	p<0.05	12.0		Neg
66	N	-		-		-		N	-		p<0.05	2.0	p<0.05	2.0		Neg	N	-		-		-		N	-		p>=0.05		p>=0.05				-		-		-		-		p>=0.05		p>=0.05			
67	D	p>=0.05		p>=0.05		p>=0.05		D	-		-		-				D	p>=0.05		p<0.05	0.0	p<0.05	0.0	D	-		-		-			Pos	p<0.05	27.0	p<0.05	0.0	p<0.05	0.0	-		-		-		Pos	Pos
68	I	-		p>=0.05		p>=0.05		I	-		-		-				I	-		p<0.05	0.0	p<0.05	0.0	I	-		-		-			Pos	-		p<0.05	0.0	p<0.05	0.0	-		-		-			Pos
69	T	p>=0.05		p<0.05	2.0	p<0.05	2.0	T	-		-		-			Pos	T	p>=0.05		p<0.05	0.0	p<0.05	0.0	T	-		-		-			Pos	p<0.05	45.0	p<0.05	0.0	p<0.05	0.0	-		-		-		Pos	Pos
70	K	-		p<0.05	2.0	p<0.05	2.0	K	-		-		-			Pos	K	-		p<0.05	0.0	p<0.05	0.0	K	-		-		-			Pos	-		p<0.05	0.0	p<0.05	0.0	-		-		-			Pos
71	R	-		p<0.05	2.0	p<0.05	2.0	R	-		-		-			Pos	R	-		p<0.05	0.0	p<0.05	0.0	R	-		-		-			Pos	-		p<0.05	0.0	p<0.05	0.0	-		-		-			Pos
72	S	-		p<0.05	2.0	p<0.05	2.0	S	-		-		-			Pos	S	-		p<0.05	0.0	p<0.05	0.0	S	-		-		-			Pos	-		p<0.05	0.0	p<0.05	0.0	-		-		-			Pos
73	L	-		-		-		L	-		-		-				L	-		-		-		L	-		-		-				-		-		-		-		-		-			
74	Q	-		-		-		Q	-		-		-				Q	-		-		-		Q	-		-		-				-		-		-		-		-		-			
75	E	-		-		-		E	-		-		-				E	-		-		-		E	-		-		-				-		-		-		-		-		-			
76	S	-		-		-		S	-		p>=0.05		p>=0.05				S	-		-		-		S	-		p<0.05	22.0	p<0.05	22.0		Neg	-		-		-		-		p>=0.05		p>=0.05			
77	T	-		-		-		T	-		p>=0.05		p>=0.05				T	-		-		-		T	-		p<0.05	22.0	p<0.05	22.0		Neg	-		-		-		-		p>=0.05		p>=0.05			
78	R	-		-		-		R	p>=0.05		p>=0.05		p>=0.05				R	-		-		-		R	p>=0.05		p<0.05	22.0	p<0.05	22.0		Neg	-		-		-		p>=0.05		p>=0.05		p>=0.05			
79	F	-		-		-		F	-		p>=0.05		p>=0.05				F	-		-		-		F	-		p<0.05	22.0	p<0.05	22.0		Neg	-		-		-		-		p>=0.05		p>=0.05			
80	S	-		-		-		S	-		p>=0.05		p>=0.05				S	-		-		-		S	-		p<0.05	22.0	p<0.05	22.0		Neg	-		-		-		-		p>=0.05		p>=0.05			
81	Q	-		-		-		Q	-		p>=0.05		p>=0.05				Q	-		-		-		Q	-		p<0.05	22.0	p<0.05	22.0		Neg	-		-		-		-		p>=0.05		p>=0.05			
82	L	-		-		-		L	-		-		-				L	-		-		-		L	-		-		-				-		-		-		-		-		-			
83	V	-		-		-		V	-		-		-				V	-		-		-		V	-		-		-				-		-		-		-		-		-			
84	E	-		-		-		E	-		-		-				E	-		-		-		E	-		-		-				-		-		-		-		-		-			
85	E	-		-		-		E	-		-		-				E	-		-		-		E	-		-		-				-		-		-		-		-		-			
86	L	-		-		-		L	-		-		-				L	-		-		-		L	-		-		-				-		-		-		-		-		-			
87	L	-		-		-		L	-		-		-				L	-		-		-		L	-		-		-				-		-		-		-		-		-			
88	K	-		-		-		K	-		-		-				K	-		-		-		K	-		-		-				-		-		-		-		-		-			
89	I	-		-		-		I	-		p>=0.05		p>=0.05				I	-		-		-		I	-		p<0.05	7.0	p<0.05	7.0		Neg	-		-		-		-		p<0.05	24.0	p<0.05	24.0		Neg
90	I	-		-		-		I	-		p>=0.05		p>=0.05				I	-		-		-		I	-		p<0.05	7.0	p<0.05	7.0		Neg	-		-		-		-		p<0.05	24.0	p<0.05	24.0		Neg
91	C	-		-		-		C	-		p>=0.05		p>=0.05				C	-		-		-		C	-		p<0.05	7.0	p<0.05	7.0		Neg	-		-		-		-		p<0.05	24.0	p<0.05	24.0		Neg
92	A	-		-		-		A	p>=0.05		p>=0.05		p>=0.05				A	-		-		-		A	p>=0.05		p<0.05	7.0	p<0.05	7.0		Neg	-		-		-		p<0.05	23.0	p<0.05	24.0	p<0.05	24.0	Neg	Neg
93	F	-		-		-		F	-		p>=0.05		p>=0.05				F	-		-		-		F	-		p<0.05	7.0	p<0.05	7.0		Neg	-		-		-		-		p<0.05	24.0	p<0.05	24.0		Neg
94	Q	-		-		-		Q	-		p>=0.05		p>=0.05				Q	-		-		-		Q	-		p<0.05	7.0	p<0.05	7.0		Neg	-		-		-		-		p<0.05	24.0	p<0.05	24.0		Neg
95	L	-		-		-		L	-		p>=0.05		p>=0.05				L	-		-		-		L	-		p<0.05	7.0	p<0.05	7.0		Neg	-		-		-		-		p<0.05	24.0	p<0.05	24.0		Neg
96	D	-		-		-		D	-		-		-				D	-		-		-		D	-		-		-				-		-		-		-		-		-			
97	T	-		-		-		T	-		-		-				T	-		-		-		T	-		-		-				-		-		-		-		-		-			
98	G	-		-		-		G	-		-		-				G	-		-		-		G	-		-		-				-		-		-		-		-		-			
99	L	-		-		-		L	-		-		-				L	-		-		-		L	-		-		-				-		-		-		-		-		-			
100	E	-		p>=0.05		p>=0.05		E	-		-		-				E	-		p<0.05	17.0	p<0.05	17.0	E	-		-		-			Pos	-		p<0.05	6.0	p<0.05	28.0	-		-		-			Pos
101	Y	-		p>=0.05		p>=0.05		Y	-		-		-				Y	-		p<0.05	17.0	p<0.05	17.0	Y	-		-		-			Pos	-		p<0.05	6.0	p<0.05	28.0	-		-		-			Pos
102	A	p>=0.05		p>=0.05		p>=0.05		A	-		-		-				A	p>=0.05		p<0.05	17.0	p<0.05	17.0	A	-		-		-			Pos	p<0.05	33.0	p<0.05	6.0	p<0.05	28.0	-		-		-		Pos	Pos
103	N	-		p>=0.05		p>=0.05		N	-		-		-				N	-		p<0.05	17.0	p<0.05	17.0	N	-		-		-			Pos	-		p<0.05	6.0	p<0.05	28.0	-		-		-			Pos
104	S	-		p>=0.05		p>=0.05		S	-		-		-				S	-		p<0.05	17.0	p<0.05	17.0	S	-		-		-			Pos	-		p<0.05	6.0	p<0.05	28.0	-		-		-			Pos
105	Y	-		-		-		Y	-		-		-				Y	-		-		-		Y	-		-		-				-		-		-		-		-		-			
106	N	-		-		-		N	-		-		-				N	-		-		-		N	-		-		-				-		-		-		-		-		-			
107	F	-		-		-		F	-		-		-				F	-		-		-		F	-		-		-				-		-		-		-		-		-			
108	A	-		-		-		A	-		-		-				A	-		-		-		A	-		-		-				-		-		-		-		-		-			
109	K	-		-		-		K	-		-		-				K	-		-		-		K	-		-		-				-		-		-		-		-		-			
110	K	-		-		-		K	-		-		-				K	-		-		-		K	-		-		-				-		-		-		-		-		-			
111	E	-		-		-		E	-		p<0.05	18.0	p<0.05	18.0		Neg	E	-		-		-		E	-		p>=0.05		p>=0.05				-		-		-		-		p<0.05	18.0	p<0.05	2.0		Neg
112	N	-		-		-		N	-		-		-				N	-		-		-		N	-		-		-				-		-		-		-		-		-			
113	N	-		-		-		N	-		-		-				N	-		-		-		N	-		-		-				-		-		-		-		-		-			
114	S	-		-		-		S	-		-		-				S	-		-		-		S	-		-		-				-		-		-		-		-		-			
115	P	-		-		-		P	-		-		-				P	-		-		-		P	-		-		-				-		-		-		-		-		-			
116	E	-		-		-		E	-		-		-				E	-		-		-		E	-		-		-				-		-		-		-		-		-			
117	H	-		-		-		H	-		-		-				H	-		-		-		H	-		-		-				-		-		-		-		-		-			
118	L	-		-		-		L	-		-		-				L	-		-		-		L	-		-		-				-		-		-		-		-		-			
119	K	-		-		-		K	-		p>=0.05		p>=0.05				K	-		p>=0.05		p>=0.05		K	-		-		-				-		p>=0.05		p>=0.05		-		p>=0.05		p>=0.05			
120	D	-		-		-		D	p>=0.05		p>=0.05		p>=0.05				D	p>=0.05		p>=0.05		p>=0.05		D	-		-		-				p>=0.05		p>=0.05		p>=0.05		p>=0.05		p>=0.05		p>=0.05			
121	E	-		-		-		E	p>=0.05		p>=0.05		p>=0.05				E	p>=0.05		p>=0.05		p>=0.05		E	-		-		-				p>=0.05		p>=0.05		p>=0.05		p>=0.05		p>=0.05		p>=0.05			
122	V	-		p>=0.05		p>=0.05		V	-		-		-				V	-		p>=0.05		p>=0.05		V	-		-		-				-		p>=0.05		p>=0.05		-		-		-			
123	S	p>=0.05		p<0.05	30.0	p<0.05	30.0	S	-		-		-			Pos	S	p>=0.05		p>=0.05		p>=0.05		S	-		-		-				p<0.05	37.0	p<0.05	12.0	p<0.05	20.0	-		-		-		Pos	Pos
124	I	-		p<0.05	30.0	p<0.05	30.0	I	-		-		-			Pos	I	-		p>=0.05		p>=0.05		I	-		-		-				-		p<0.05	12.0	p<0.05	20.0	-		-		-			Pos
125	I	-		-		-		I	-		-		-				I	-		-		-		I	-		-		-				-		-		-		-		-		-			
126	Q	-		-		-		Q	-		-		-				Q	-		-		-		Q	-		-		-				-		-		-		-		-		-			
127	S	-		-		-		S	-		-		-				S	-		-		-		S	-		-		-				-		-		-		-		-		-			
128	M	-		-		-		M	-		-		-				M	-		-		-		M	-		-		-				-		-		-		-		-		-			
129	G	-		-		-		G	-		-		-				G	-		-		-		G	-		-		-				-		-		-		-		-		-			
130	Y	-		p<0.05	22.0	p<0.05	22.0	Y	-		-		-			Pos	Y	-		-		-		Y	-		p>=0.05		p>=0.05				-		p<0.05	39.0	p<0.05	29.0	-		p>=0.05		p>=0.05			Pos
131	R	p>=0.05		p<0.05	22.0	p<0.05	22.0	R	-		-		-			Pos	R	-		-		-		R	p>=0.05		p>=0.05		p>=0.05				p<0.05	38.0	p<0.05	39.0	p<0.05	29.0	p>=0.05		p>=0.05		p>=0.05		Pos	Pos
132	N	-		p<0.05	22.0	p<0.05	22.0	N	-		-		-			Pos	N	-		-		-		N	-		p>=0.05		p>=0.05				-		p<0.05	39.0	p<0.05	29.0	-		p>=0.05		p>=0.05			Pos
133	R	-		-		-		R	-		-		-				R	-		-		-		R	-		-		-				-		-		-		-		-		-			
134	A	-		-		-		A	-		-		-				A	-		-		-		A	-		-		-				-		-		-		-		-		-			
135	K	-		-		-		K	-		-		-				K	-		-		-		K	-		-		-				-		-		-		-		-		-			
136	R	-		-		-		R	-		-		-				R	-		-		-		R	-		-		-				-		-		-		-		-		-			
137	L	-		-		-		L	-		-		-				L	-		-		-		L	-		-		-				-		-		-		-		-		-			
138	L	-		-		-		L	-		-		-				L	-		-		-		L	-		-		-				-		-		-		-		-		-			
139	Q	-		p>=0.05		p>=0.05		Q	-		-		-				Q	-		p>=0.05		p>=0.05		Q	-		-		-				-		p>=0.05		p>=0.05		-		-		-			
140	S	p>=0.05		p>=0.05		p>=0.05		S	-		-		-				S	p>=0.05		p>=0.05		p>=0.05		S	-		-		-				p>=0.05		p>=0.05		p>=0.05		-		-		-			
141	E	p>=0.05		p>=0.05		p>=0.05		E	-		-		-				E	p>=0.05		p>=0.05		p>=0.05		E	-		-		-				p>=0.05		p>=0.05		p>=0.05		-		-		-			
142	P	p>=0.05		p>=0.05		p>=0.05		P	-		-		-				P	p>=0.05		p>=0.05		p>=0.05		P	-		-		-				p<0.05	36.0	p>=0.05		p<0.05	6.0	-		-		-		Pos	
143	E	-		p>=0.05		p>=0.05		E	-		-		-				E	-		p<0.05	19.0	p<0.05	19.0	E	-		-		-			Pos	-		p<0.05	36.0	p<0.05	6.0	-		-		-			Pos
144	N	-		-		-		N	-		-		-				N	-		-		-		N	-		-		-				-		-		-		-		-		-			
145	P	-		-		-		P	-		-		-				P	-		-		-		P	-		-		-				-		-		-		-		-		-			
146	S	-		-		-		S	-		-		-				S	-		-		-		S	-		-		-				-		-		-		-		-		-			
147	L	-		-		-		L	-		-		-				L	-		-		-		L	-		-		-				-		-		-		-		-		-			
148	Q	-		-		-		Q	-		p>=0.05		p>=0.05				Q	-		p>=0.05		p>=0.05		Q	-		-		-				-		p>=0.05		p>=0.05		-		p>=0.05		p>=0.05			
149	E	-		-		-		E	p>=0.05		p>=0.05		p>=0.05				E	p>=0.05		p>=0.05		p>=0.05		E	-		-		-				p>=0.05		p>=0.05		p>=0.05		p>=0.05		p>=0.05		p>=0.05			
150	T	-		-		-		T	-		p>=0.05		p>=0.05				T	-		p>=0.05		p>=0.05		T	-		-		-				-		p>=0.05		p>=0.05		-		p>=0.05		p>=0.05			
151	S	-		-		-		S	-		-		-				S	-		-		-		S	-		-		-				-		-		-		-		-		-			
152	L	-		-		-		L	-		-		-				L	-		-		-		L	-		-		-				-		-		-		-		-		-			
153	S	-		-		-		S	-		-		-				S	-		-		-		S	-		-		-				-		-		-		-		-		-			
154	V	-		-		-		V	-		-		-				V	-		-		-		V	-		-		-				-		-		-		-		-		-			
155	Q	-		-		-		Q	-		-		-				Q	-		-		-		Q	-		-		-				-		-		-		-		-		-			
156	L	-		-		-		L	-		-		-				L	-		-		-		L	-		-		-				-		-		-		-		-		-			
157	S	-		-		-		S	-		-		-				S	-		-		-		S	-		-		-				-		-		-		-		-		-			
158	N	-		-		-		N	-		-		-				N	-		-		-		N	-		-		-				-		-		-		-		-		-			
159	L	-		-		-		L	-		p<0.05	10.0	p<0.05	10.0		Neg	L	-		-		-		L	-		p<0.05	16.0	p<0.05	16.0		Neg	-		-		-		-		p<0.05	16.0	p<0.05	16.0		Neg
160	G	-		-		-		G	p<0.05	9.0	p<0.05	10.0	p<0.05	10.0	Neg	Neg	G	-		-		-		G	p<0.05	6.0	p<0.05	16.0	p<0.05	16.0	Neg	Neg	-		-		-		p<0.05	6.0	p<0.05	16.0	p<0.05	16.0	Neg	Neg
161	T	-		-		-		T	p>=0.05		p<0.05	10.0	p<0.05	10.0		Neg	T	-		-		-		T	p>=0.05		p<0.05	16.0	p<0.05	16.0		Neg	-		-		-		p<0.05	6.0	p<0.05	16.0	p<0.05	16.0	Neg	Neg
162	V	-		-		-		V	-		p<0.05	10.0	p<0.05	10.0		Neg	V	-		-		-		V	-		p>=0.05		p>=0.05				-		-		-		-		p<0.05	16.0	p<0.05	16.0		Neg
163	R	-		p>=0.05		p>=0.05		R	-		-		-				R	-		-		-		R	-		p>=0.05		p>=0.05				-		p>=0.05		p>=0.05		-		p>=0.05		p>=0.05			
164	T	p>=0.05		p>=0.05		p>=0.05		T	-		-		-				T	-		-		-		T	p>=0.05		p>=0.05		p>=0.05				p>=0.05		p>=0.05		p>=0.05		p>=0.05		p>=0.05		p>=0.05			
165	L	-		p>=0.05		p>=0.05		L	-		-		-				L	-		-		-		L	-		p>=0.05		p>=0.05				-		p>=0.05		p>=0.05		-		p>=0.05		p>=0.05			
166	R	-		-		-		R	-		-		-				R	-		-		-		R	-		-		-				-		-		-		-		-		-			
167	T	-		-		-		T	-		-		-				T	-		-		-		T	-		-		-				-		-		-		-		-		-			
168	K	-		-		-		K	-		-		-				K	-		-		-		K	-		-		-				-		-		-		-		-		-			
169	Q	-		-		-		Q	-		-		-				Q	-		-		-		Q	-		-		-				-		-		-		-		-		-			
170	R	-		-		-		R	-		-		-				R	-		-		-		R	-		-		-				-		-		-		-		-		-			
171	I	-		-		-		I	-		-		-				I	-		-		-		I	-		-		-				-		-		-		-		-		-			
172	Q	-		-		-		Q	-		-		-				Q	-		-		-		Q	-		-		-				-		-		-		-		-		-			
173	P	-		-		-		P	-		-		-				P	-		-		-		P	-		-		-				-		-		-		-		-		-			
174	Q	-		-		-		Q	-		-		-				Q	-		-		-		Q	-		-		-				-		-		-		-		-		-			
175	K	-		p>=0.05		p>=0.05		K	-		-		-				K	-		p>=0.05		p>=0.05		K	-		-		-				-		p>=0.05		p>=0.05		-		-		-			
176	T	p>=0.05		-		p>=0.05		T	-		p>=0.05		p>=0.05				T	p>=0.05		p>=0.05		p>=0.05		T	-		-		-				p>=0.05		p>=0.05		p>=0.05		-		p>=0.05		p>=0.05			
177	S	-		p>=0.05		p>=0.05		S	p>=0.05		-		p>=0.05				S	-		p>=0.05		p>=0.05		S	p>=0.05		-		p>=0.05				-		p>=0.05		p>=0.05		p>=0.05		-		p>=0.05			
178	V	p>=0.05		p>=0.05		p>=0.05		V	-		-		-				V	p>=0.05		p>=0.05		p>=0.05		V	-		-		-				p>=0.05		p>=0.05		p>=0.05		-		-		-			
179	Y	-		p>=0.05		p>=0.05		Y	-		-		-				Y	-		p>=0.05		p>=0.05		Y	-		-		-				-		p>=0.05		p>=0.05		-		-		-			
180	I	-		-		-		I	-		-		-				I	-		-		-		I	-		-		-				-		-		-		-		-		-			
181	E	-		-		-		E	-		-		-				E	-		-		-		E	-		-		-				-		-		-		-		-		-			
182	L	-		-		-		L	-		-		-				L	-		-		-		L	-		-		-				-		-		-		-		-		-			
183	G	-		-		-		G	-		-		-				G	-		-		-		G	-		-		-				-		-		-		-		-		-			
184	S	-		-		-		S	-		-		-				S	-		-		-		S	-		-		-				-		-		-		-		-		-			
185	D	-		-		-		D	-		-		-				D	-		-		-		D	-		-		-				-		-		-		-		-		-			
186	S	-		p>=0.05		p>=0.05		S	-		-		-				S	-		p<0.05	26.0	p<0.05	26.0	S	-		-		-			Pos	-		p<0.05	31.0	p<0.05	33.0	-		-		-			Pos
187	S	p>=0.05		p>=0.05		p>=0.05		S	-		-		-				S	p>=0.05		p<0.05	26.0	p<0.05	26.0	S	-		-		-			Pos	p<0.05	34.0	p<0.05	31.0	p<0.05	33.0	-		-		-		Pos	Pos
188	E	-		p>=0.05		p>=0.05		E	-		-		-				E	-		p<0.05	26.0	p<0.05	26.0	E	-		-		-			Pos	-		p<0.05	31.0	p<0.05	33.0	-		-		-			Pos
189	D	-		-		-		D	-		-		-				D	-		-		-		D	-		-		-				-		-		-		-		-		-			
190	T	-		-		-		T	-		-		-				T	-		-		-		T	-		-		-				-		-		-		-		-		-			
191	V	-		-		-		V	-		-		-				V	-		-		-		V	-		-		-				-		-		-		-		-		-			
192	N	-		-		-		N	-		-		-				N	-		-		-		N	-		-		-				-		-		-		-		-		-			
193	K	-		-		-		K	-		-		-				K	-		-		-		K	-		-		-				-		-		-		-		-		-			
194	A	-		-		-		A	-		-		-				A	-		-		-		A	-		-		-				-		-		-		-		-		-			
195	T	-		-		-		T	-		-		-				T	-		-		-		T	-		-		-				-		-		-		-		-		-			
196	Y	-		-		-		Y	-		-		-				Y	-		-		-		Y	-		-		-				-		-		-		-		-		-			
197	C	-		-		-		C	-		-		-				C	-		-		-		C	-		-		-				-		-		-		-		-		-			
198	S	-		-		-		S	-		-		-				S	-		-		-		S	-		-		-				-		-		-		-		-		-			
199	V	-		-		-		V	-		-		-				V	-		-		-		V	-		-		-				-		-		-		-		-		-			
200	G	-		-		-		G	-		p>=0.05		p>=0.05				G	-		p>=0.05		p>=0.05		G	-		-		-				-		p>=0.05		p>=0.05		-		p>=0.05		p>=0.05			
201	D	-		-		-		D	p>=0.05		p>=0.05		p>=0.05				D	p>=0.05		p>=0.05		p>=0.05		D	-		-		-				p>=0.05		p>=0.05		p>=0.05		p>=0.05		p>=0.05		p>=0.05			
202	Q	-		-		-		Q	-		p>=0.05		p>=0.05				Q	-		p>=0.05		p>=0.05		Q	-		-		-				-		p>=0.05		p>=0.05		-		p>=0.05		p>=0.05			
203	E	-		-		-		E	p>=0.05		p>=0.05		p>=0.05				E	p>=0.05		p<0.05	23.0	p<0.05	23.0	E	-		-		-			Pos	p>=0.05		p>=0.05		p>=0.05		p>=0.05		p>=0.05		p>=0.05			
204	L	-		-		-		L	-		p>=0.05		p>=0.05				L	-		p<0.05	23.0	p<0.05	23.0	L	-		-		-			Pos	-		p>=0.05		p>=0.05		-		p>=0.05		p>=0.05			
205	L	-		-		-		L	-		-		-				L	-		-		-		L	-		-		-				-		-		-		-		-		-			
206	Q	-		-		-		Q	-		-		-				Q	-		-		-		Q	-		-		-				-		-		-		-		-		-			
207	I	-		-		-		I	-		p>=0.05		p>=0.05				I	-		-		-		I	-		p>=0.05		p>=0.05				-		-		-		-		p>=0.05		p>=0.05			
208	T	-		-		-		T	p>=0.05		p<0.05	6.0	p<0.05	6.0		Neg	T	-		-		-		T	p>=0.05		p>=0.05		p>=0.05				-		-		-		p>=0.05		p<0.05	12.0	p<0.05	23.0		Neg
209	P	-		-		-		P	p<0.05	10.0	p<0.05	6.0	p<0.05	6.0	Neg	Neg	P	-		-		-		P	p>=0.05		p>=0.05		p>=0.05				-		-		-		p<0.05	26.0	p<0.05	12.0	p<0.05	23.0	Neg	Neg
210	Q	-		-		-		Q	-		p<0.05	6.0	p<0.05	6.0		Neg	Q	-		-		-		Q	-		p>=0.05		p>=0.05				-		-		-		-		p<0.05	12.0	p<0.05	23.0		Neg
211	G	-		p>=0.05		p>=0.05		G	-		-		-				G	-		-		-		G	-		p>=0.05		p>=0.05				-		p>=0.05		p>=0.05		-		p>=0.05		p>=0.05			
212	T	p>=0.05		-		p>=0.05		T	-		p<0.05	4.0	p<0.05	4.0		Neg	T	-		-		-		T	p>=0.05		p<0.05	9.0	p<0.05	9.0		Neg	p>=0.05		-		p>=0.05		p>=0.05		p<0.05	14.0	p<0.05	13.0		Neg
213	R	-		-		-		R	p<0.05	12.0	p<0.05	4.0	p<0.05	4.0	Neg	Neg	R	-		-		-		R	p<0.05	9.0	p<0.05	9.0	p<0.05	9.0	Neg	Neg	-		-		-		p<0.05	3.0	p<0.05	14.0	p<0.05	13.0	Neg	Neg
214	D	-		-		-		D	p>=0.05		p<0.05	4.0	p<0.05	4.0		Neg	D	-		-		-		D	p>=0.05		p<0.05	9.0	p<0.05	9.0		Neg	-		-		-		p<0.05	3.0	p<0.05	14.0	p<0.05	13.0	Neg	Neg
215	E	-		-		-		E	p>=0.05		p<0.05	4.0	p<0.05	4.0		Neg	E	-		-		-		E	p>=0.05		p<0.05	9.0	p<0.05	9.0		Neg	-		-		-		p<0.05	3.0	p<0.05	14.0	p<0.05	13.0	Neg	Neg
216	I	-		-		-		I	-		p<0.05	4.0	p<0.05	4.0		Neg	I	-		-		-		I	-		p<0.05	9.0	p<0.05	9.0		Neg	-		-		-		-		p<0.05	14.0	p<0.05	13.0		Neg
217	S	-		-		-		S	p<0.05	14.0	p<0.05	4.0	p<0.05	4.0	Neg	Neg	S	-		-		-		S	p>=0.05		p>=0.05		p>=0.05				-		-		-		p<0.05	33.0	p<0.05	14.0	p<0.05	13.0	Neg	Neg
218	L	-		-		-		L	-		p<0.05	4.0	p<0.05	4.0		Neg	L	-		-		-		L	-		p>=0.05		p>=0.05				-		-		-		-		p<0.05	14.0	p<0.05	13.0		Neg
219	D	-		-		-		D	p<0.05	0.0	p<0.05	4.0	p<0.05	4.0	Neg	Neg	D	-		-		-		D	p>=0.05		p<0.05	5.0	p<0.05	5.0		Neg	-		-		-		p<0.05	0.0	p<0.05	14.0	p<0.05	13.0	Neg	Neg
220	S	-		-		-		S	p<0.05	0.0	p<0.05	4.0	p<0.05	4.0	Neg	Neg	S	-		-		-		S	p<0.05	1.0	p<0.05	5.0	p<0.05	5.0	Neg	Neg	-		-		-		p<0.05	0.0	p<0.05	14.0	p<0.05	13.0	Neg	Neg
221	A	-		-		-		A	p<0.05	0.0	p<0.05	4.0	p<0.05	4.0	Neg	Neg	A	-		-		-		A	p<0.05	1.0	p<0.05	5.0	p<0.05	5.0	Neg	Neg	-		-		-		p<0.05	0.0	p<0.05	14.0	p<0.05	13.0	Neg	Neg
222	K	-		-		-		K	-		p<0.05	4.0	p<0.05	4.0		Neg	K	-		-		-		K	-		p<0.05	5.0	p<0.05	5.0		Neg	-		-		-		-		p<0.05	14.0	p<0.05	13.0		Neg
223	K	-		p<0.05	0.0	p<0.05	0.0	K	-		-		-			Pos	K	-		p<0.05	5.0	p<0.05	5.0	K	-		-		-			Pos	-		p<0.05	1.0	p<0.05	1.0	-		-		-			Pos
224	A	-		p<0.05	0.0	p<0.05	0.0	A	-		-		-			Pos	A	-		p<0.05	5.0	p<0.05	5.0	A	-		-		-			Pos	-		p<0.05	1.0	p<0.05	1.0	-		-		-			Pos
225	A	p>=0.05		p<0.05	0.0	p<0.05	0.0	A	-		-		-			Pos	A	p>=0.05		p<0.05	5.0	p<0.05	5.0	A	-		-		-			Pos	p<0.05	44.0	p<0.05	1.0	p<0.05	1.0	-		-		-		Pos	Pos
226	C	-		p<0.05	0.0	p<0.05	0.0	C	-		-		-			Pos	C	-		p<0.05	5.0	p<0.05	5.0	C	-		-		-			Pos	-		p<0.05	1.0	p<0.05	1.0	-		-		-			Pos
227	E	-		-		-		E	-		-		-				E	-		-		-		E	-		-		-				-		-		-		-		-		-			
228	F	-		-		-		F	-		-		-				F	-		-		-		F	-		-		-				-		-		-		-		-		-			
229	S	-		-		-		S	-		-		-				S	-		-		-		S	-		-		-				-		-		-		-		-		-			
230	E	-		-		-		E	-		-		-				E	-		-		-		E	-		-		-				-		-		-		-		-		-			
231	T	-		-		-		T	-		-		-				T	-		-		-		T	-		-		-				-		-		-		-		-		-			
232	D	-		-		-		D	-		-		-				D	-		-		-		D	-		-		-				-		-		-		-		-		-			
233	V	-		-		-		V	-		-		-				V	-		-		-		V	-		-		-				-		-		-		-		-		-			
234	T	-		-		-		T	-		-		-				T	-		-		-		T	-		-		-				-		-		-		-		-		-			
235	N	-		-		-		N	-		-		-				N	-		-		-		N	-		-		-				-		-		-		-		-		-			
236	T	-		-		-		T	-		-		-				T	-		-		-		T	-		-		-				-		-		-		-		-		-			
237	E	-		-		-		E	-		-		-				E	-		-		-		E	-		-		-				-		-		-		-		-		-			
238	H	-		-		-		H	-		-		-				H	-		-		-		H	-		-		-				-		-		-		-		-		-			
239	H	-		-		-		H	-		-		-				H	-		-		-		H	-		-		-				-		-		-		-		-		-			
240	Q	-		-		-		Q	-		-		-				Q	-		-		-		Q	-		-		-				-		-		-		-		-		-			
241	P	-		-		-		P	-		-		-				P	-		-		-		P	-		-		-				-		-		-		-		-		-			
242	S	-		-		-		S	-		-		-				S	-		-		-		S	-		-		-				-		-		-		-		-		-			
243	N	-		-		-		N	-		-		-				N	-		-		-		N	-		-		-				-		-		-		-		-		-			
244	N	-		-		-		N	-		-		-				N	-		-		-		N	-		-		-				-		-		-		-		-		-			
245	D	-		-		-		D	-		-		-				D	-		-		-		D	-		-		-				-		-		-		-		-		-			
246	L	-		-		-		L	-		-		-				L	-		-		-		L	-		-		-				-		-		-		-		-		-			
247	N	-		-		-		N	-		-		-				N	-		-		-		N	-		-		-				-		-		-		-		-		-			
248	T	-		-		-		T	-		-		-				T	-		-		-		T	-		-		-				-		-		-		-		-		-			
249	T	-		-		-		T	-		-		-				T	-		-		-		T	-		-		-				-		-		-		-		-		-			
250	E	-		-		-		E	-		-		-				E	-		-		-		E	-		-		-				-		-		-		-		-		-			
251	K	-		-		-		K	-		-		-				K	-		-		-		K	-		-		-				-		-		-		-		-		-			
252	R	-		-		-		R	-		-		-				R	-		-		-		R	-		-		-				-		-		-		-		-		-			
253	A	-		-		-		A	-		p>=0.05		p>=0.05				A	-		p>=0.05		p>=0.05		A	-		-		-				-		p>=0.05		p>=0.05		-		p>=0.05		p>=0.05			
254	A	-		-		-		A	p>=0.05		p>=0.05		p>=0.05				A	p>=0.05		p>=0.05		p>=0.05		A	-		-		-				p>=0.05		p>=0.05		p>=0.05		p>=0.05		p>=0.05		p>=0.05			
255	E	-		-		-		E	p>=0.05		p>=0.05		p>=0.05				E	p>=0.05		p>=0.05		p>=0.05		E	-		-		-				p>=0.05		p>=0.05		p>=0.05		p>=0.05		p>=0.05		p>=0.05			
256	R	-		-		-		R	-		p>=0.05		p>=0.05				R	-		p>=0.05		p>=0.05		R	-		-		-				-		p>=0.05		p>=0.05		-		p>=0.05		p>=0.05			
257	H	-		-		-		H	p>=0.05		p>=0.05		p>=0.05				H	-		-		-		H	p>=0.05		p>=0.05		p>=0.05				-		-		-		p>=0.05		p>=0.05		p>=0.05			
258	P	-		-		-		P	p>=0.05		p>=0.05		p>=0.05				P	-		-		-		P	p>=0.05		p>=0.05		p>=0.05				-		-		-		p>=0.05		p>=0.05		p>=0.05			
259	E	-		-		-		E	-		p>=0.05		p>=0.05				E	-		-		-		E	-		p>=0.05		p>=0.05				-		-		-		-		p>=0.05		p>=0.05			
260	K	-		-		-		K	-		-		-				K	-		-		-		K	-		-		-				-		-		-		-		-		-			
261	Y	-		-		-		Y	-		p>=0.05		p>=0.05				Y	-		-		-		Y	-		p>=0.05		p>=0.05				-		-		-		-		p<0.05	13.0	p<0.05	5.0		Neg
262	Q	-		-		-		Q	-		p>=0.05		p>=0.05				Q	-		-		-		Q	-		p>=0.05		p>=0.05				-		-		-		-		p<0.05	13.0	p<0.05	5.0		Neg
263	G	-		-		-		G	p>=0.05		p>=0.05		p>=0.05				G	-		-		-		G	p>=0.05		p>=0.05		p>=0.05				-		-		-		p<0.05	8.0	p<0.05	13.0	p<0.05	5.0	Neg	Neg
264	S	-		-		-		S	p>=0.05		p>=0.05		p>=0.05				S	-		-		-		S	p>=0.05		p>=0.05		p>=0.05				-		-		-		p<0.05	8.0	p>=0.05		p<0.05	5.0	Neg	
265	S	p>=0.05		-		p>=0.05		S	-		p>=0.05		p>=0.05				S	p>=0.05		-		p>=0.05		S	-		p>=0.05		p>=0.05				p>=0.05		-		p>=0.05		-		p>=0.05		p>=0.05			
266	V	-		p>=0.05		p>=0.05		V	-		-		-				V	-		p>=0.05		p>=0.05		V	-		-		-				-		p>=0.05		p>=0.05		-		-		-			
267	S	-		-		-		S	-		-		-				S	-		-		-		S	-		-		-				-		-		-		-		-		-			
268	N	-		-		-		N	-		-		-				N	-		-		-		N	-		-		-				-		-		-		-		-		-			
269	L	-		p>=0.05		p>=0.05		L	-		-		-				L	-		-		-		L	-		p>=0.05		p>=0.05				-		p>=0.05		p>=0.05		-		p>=0.05		p>=0.05			
270	H	p>=0.05		p>=0.05		p>=0.05		H	-		-		-				H	-		-		-		H	p>=0.05		p>=0.05		p>=0.05				p>=0.05		p>=0.05		p>=0.05		p>=0.05		p>=0.05		p>=0.05			
271	V	-		p>=0.05		p>=0.05		V	-		-		-				V	-		-		-		V	-		p>=0.05		p>=0.05				-		p>=0.05		p>=0.05		-		p>=0.05		p>=0.05			
272	E	-		-		-		E	-		-		-				E	-		-		-		E	-		-		-				-		-		-		-		-		-			
273	P	-		-		-		P	-		-		-				P	-		-		-		P	-		-		-				-		-		-		-		-		-			
274	C	-		-		-		C	-		-		-				C	-		-		-		C	-		-		-				-		-		-		-		-		-			
275	G	-		-		-		G	-		-		-				G	-		-		-		G	-		-		-				-		-		-		-		-		-			
276	T	-		-		-		T	-		-		-				T	-		-		-		T	-		-		-				-		-		-		-		-		-			
277	N	-		-		-		N	-		-		-				N	-		-		-		N	-		-		-				-		-		-		-		-		-			
278	T	-		-		-		T	-		-		-				T	-		-		-		T	-		-		-				-		-		-		-		-		-			
279	H	-		-		-		H	-		-		-				H	-		-		-		H	-		-		-				-		-		-		-		-		-			
280	A	-		-		-		A	-		-		-				A	-		-		-		A	-		-		-				-		-		-		-		-		-			
281	S	-		-		-		S	-		-		-				S	-		-		-		S	-		-		-				-		-		-		-		-		-			
282	S	-		-		-		S	-		-		-				S	-		-		-		S	-		-		-				-		-		-		-		-		-			
283	L	-		-		-		L	-		-		-				L	-		-		-		L	-		-		-				-		-		-		-		-		-			
284	Q	-		-		-		Q	-		-		-				Q	-		-		-		Q	-		-		-				-		-		-		-		-		-			
285	H	-		-		-		H	-		p>=0.05		p>=0.05				H	-		-		-		H	-		p>=0.05		p>=0.05				-		-		-		-		p<0.05	29.0	p<0.05	29.0		Neg
286	E	-		-		-		E	p>=0.05		p>=0.05		p>=0.05				E	-		-		-		E	p>=0.05		p>=0.05		p>=0.05				-		-		-		p<0.05	19.0	p<0.05	29.0	p<0.05	29.0	Neg	Neg
287	N	-		-		-		N	-		p>=0.05		p>=0.05				N	-		-		-		N	-		p>=0.05		p>=0.05				-		-		-		-		p<0.05	29.0	p<0.05	29.0		Neg
288	S	-		-		-		S	-		-		-				S	-		-		-		S	-		-		-				-		-		-		-		-		-			
289	S	-		-		-		S	-		-		-				S	-		-		-		S	-		-		-				-		-		-		-		-		-			
290	L	-		-		-		L	-		-		-				L	-		-		-		L	-		-		-				-		-		-		-		-		-			
291	L	-		-		-		L	-		-		-				L	-		-		-		L	-		-		-				-		-		-		-		-		-			
292	L	-		-		-		L	-		-		-				L	-		-		-		L	-		-		-				-		-		-		-		-		-			
293	T	-		-		-		T	-		-		-				T	-		-		-		T	-		-		-				-		-		-		-		-		-			
294	K	-		-		-		K	-		-		-				K	-		-		-		K	-		-		-				-		-		-		-		-		-			
295	D	-		-		-		D	-		-		-				D	-		-		-		D	-		-		-				-		-		-		-		-		-			
296	R	-		-		-		R	-		-		-				R	-		-		-		R	-		-		-				-		-		-		-		-		-			
297	M	-		-		-		M	-		-		-				M	-		-		-		M	-		-		-				-		-		-		-		-		-			
298	N	-		-		-		N	-		-		-				N	-		-		-		N	-		-		-				-		-		-		-		-		-			
299	V	-		-		-		V	-		-		-				V	-		-		-		V	-		-		-				-		-		-		-		-		-			
300	E	-		-		-		E	-		-		-				E	-		-		-		E	-		-		-				-		-		-		-		-		-			
301	K	-		-		-		K	-		-		-				K	-		-		-		K	-		-		-				-		-		-		-		-		-			
302	A	-		-		-		A	-		-		-				A	-		-		-		A	-		-		-				-		-		-		-		-		-			
303	E	-		-		-		E	-		-		-				E	-		-		-		E	-		-		-				-		-		-		-		-		-			
304	F	-		-		-		F	-		-		-				F	-		-		-		F	-		-		-				-		-		-		-		-		-			
305	C	-		-		-		C	-		-		-				C	-		-		-		C	-		-		-				-		-		-		-		-		-			
306	N	-		-		-		N	-		-		-				N	-		-		-		N	-		-		-				-		-		-		-		-		-			
307	K	-		-		-		K	-		-		-				K	-		-		-		K	-		-		-				-		-		-		-		-		-			
308	S	-		-		-		S	-		-		-				S	-		-		-		S	-		-		-				-		-		-		-		-		-			
309	K	-		-		-		K	-		-		-				K	-		-		-		K	-		-		-				-		-		-		-		-		-			
310	Q	-		-		-		Q	-		-		-				Q	-		-		-		Q	-		-		-				-		-		-		-		-		-			
311	P	-		-		-		P	-		-		-				P	-		-		-		P	-		-		-				-		-		-		-		-		-			
312	G	-		-		-		G	-		-		-				G	-		-		-		G	-		-		-				-		-		-		-		-		-			
313	L	-		-		-		L	-		-		-				L	-		-		-		L	-		-		-				-		-		-		-		-		-			
314	A	-		-		-		A	-		-		-				A	-		-		-		A	-		-		-				-		-		-		-		-		-			
315	R	-		p>=0.05		p>=0.05		R	-		-		-				R	-		p>=0.05		p>=0.05		R	-		-		-				-		p>=0.05		p>=0.05		-		-		-			
316	S	p>=0.05		p>=0.05		p>=0.05		S	-		-		-				S	p>=0.05		p>=0.05		p>=0.05		S	-		-		-				p>=0.05		p>=0.05		p>=0.05		-		-		-			
317	Q	-		p>=0.05		p>=0.05		Q	-		-		-				Q	-		p>=0.05		p>=0.05		Q	-		-		-				-		p>=0.05		p>=0.05		-		-		-			
318	H	-		-		-		H	-		-		-				H	-		-		-		H	-		-		-				-		-		-		-		-		-			
319	N	-		-		-		N	-		-		-				N	-		-		-		N	-		-		-				-		-		-		-		-		-			
320	R	-		-		-		R	-		-		-				R	-		-		-		R	-		-		-				-		-		-		-		-		-			
321	W	-		-		-		W	-		-		-				W	-		-		-		W	-		-		-				-		-		-		-		-		-			
322	A	-		-		-		A	-		-		-				A	-		-		-		A	-		-		-				-		-		-		-		-		-			
323	G	-		-		-		G	-		-		-				G	-		-		-		G	-		-		-				-		-		-		-		-		-			
324	S	-		-		-		S	-		-		-				S	-		-		-		S	-		-		-				-		-		-		-		-		-			
325	K	-		-		-		K	-		-		-				K	-		-		-		K	-		-		-				-		-		-		-		-		-			
326	E	-		p<0.05	28.0	p<0.05	28.0	E	-		-		-			Pos	E	-		-		-		E	-		p>=0.05		p>=0.05				-		p<0.05	38.0	p<0.05	38.0	-		p>=0.05		p>=0.05			Pos
327	T	p>=0.05		p<0.05	28.0	p<0.05	28.0	T	-		-		-			Pos	T	-		-		-		T	p>=0.05		p>=0.05		p>=0.05				p<0.05	22.0	p<0.05	38.0	p<0.05	38.0	p>=0.05		p>=0.05		p>=0.05		Pos	Pos
328	C	-		p<0.05	28.0	p<0.05	28.0	C	-		-		-			Pos	C	-		-		-		C	-		p>=0.05		p>=0.05				-		p<0.05	38.0	p<0.05	38.0	-		p>=0.05		p>=0.05			Pos
329	N	-		-		-		N	-		-		-				N	-		-		-		N	-		-		-				-		-		-		-		-		-			
330	D	-		-		-		D	-		-		-				D	-		-		-		D	-		-		-				-		-		-		-		-		-			
331	R	-		-		-		R	-		-		-				R	-		-		-		R	-		-		-				-		-		-		-		-		-			
332	R	-		p<0.05	14.0	p<0.05	14.0	R	-		-		-			Pos	R	-		p<0.05	28.0	p<0.05	28.0	R	-		-		-			Pos	-		p<0.05	18.0	p<0.05	19.0	-		-		-			Pos
333	T	p>=0.05		p<0.05	14.0	p<0.05	14.0	T	-		-		-			Pos	T	p>=0.05		p<0.05	28.0	p<0.05	28.0	T	-		-		-			Pos	p<0.05	3.0	p<0.05	18.0	p<0.05	19.0	-		-		-		Pos	Pos
334	P	p>=0.05		p<0.05	14.0	p<0.05	14.0	P	-		-		-			Pos	P	p>=0.05		p<0.05	28.0	p<0.05	28.0	P	-		-		-			Pos	p<0.05	3.0	p<0.05	18.0	p<0.05	19.0	-		-		-		Pos	Pos
335	S	-		p<0.05	14.0	p<0.05	14.0	S	-		-		-			Pos	S	-		p<0.05	28.0	p<0.05	28.0	S	-		-		-			Pos	-		p<0.05	18.0	p<0.05	19.0	-		-		-			Pos
336	T	-		-		-		T	-		-		-				T	-		-		-		T	-		-		-				-		-		-		-		-		-			
337	E	-		-		-		E	-		-		-				E	-		-		-		E	-		-		-				-		-		-		-		-		-			
338	K	-		-		-		K	-		-		-				K	-		-		-		K	-		-		-				-		-		-		-		-		-			
339	K	-		-		-		K	-		p>=0.05		p>=0.05				K	-		p>=0.05		p>=0.05		K	-		-		-				-		p>=0.05		p>=0.05		-		p>=0.05		p>=0.05			
340	V	-		-		-		V	p>=0.05		p>=0.05		p>=0.05				V	p>=0.05		p>=0.05		p>=0.05		V	-		-		-				p>=0.05		p>=0.05		p>=0.05		p>=0.05		p>=0.05		p>=0.05			
341	D	-		-		-		D	p>=0.05		p>=0.05		p>=0.05				D	-		p>=0.05		p>=0.05		D	p>=0.05		-		p>=0.05				-		p>=0.05		p>=0.05		p>=0.05		p>=0.05		p>=0.05			
342	L	-		-		-		L	-		p>=0.05		p>=0.05				L	-		-		-		L	-		p>=0.05		p>=0.05				-		-		-		-		p>=0.05		p>=0.05			
343	N	-		-		-		N	-		-		-				N	-		-		-		N	-		-		-				-		-		-		-		-		-			
344	A	-		-		-		A	-		-		-				A	-		-		-		A	-		-		-				-		-		-		-		-		-			
345	D	-		-		-		D	-		-		-				D	-		-		-		D	-		-		-				-		-		-		-		-		-			
346	P	-		-		-		P	-		-		-				P	-		-		-		P	-		-		-				-		-		-		-		-		-			
347	L	-		-		-		L	-		-		-				L	-		-		-		L	-		-		-				-		-		-		-		-		-			
348	C	-		-		-		C	-		-		-				C	-		-		-		C	-		-		-				-		-		-		-		-		-			
349	E	-		-		-		E	-		-		-				E	-		-		-		E	-		-		-				-		-		-		-		-		-			
350	R	-		-		-		R	-		-		-				R	-		-		-		R	-		-		-				-		-		-		-		-		-			
351	K	-		p>=0.05		p>=0.05		K	-		-		-				K	-		p>=0.05		p>=0.05		K	-		-		-				-		p>=0.05		p>=0.05		-		-		-			
352	E	p>=0.05		p>=0.05		p>=0.05		E	-		-		-				E	p>=0.05		p>=0.05		p>=0.05		E	-		-		-				p>=0.05		p>=0.05		p>=0.05		-		-		-			
353	W	-		p>=0.05		p>=0.05		W	-		-		-				W	-		p>=0.05		p>=0.05		W	-		-		-				-		p>=0.05		p>=0.05		-		-		-			
354	N	-		-		-		N	-		-		-				N	-		-		-		N	-		-		-				-		-		-		-		-		-			
355	K	-		-		-		K	-		-		-				K	-		-		-		K	-		-		-				-		-		-		-		-		-			
356	Q	-		-		-		Q	-		-		-				Q	-		-		-		Q	-		-		-				-		-		-		-		-		-			
357	K	-		-		-		K	-		-		-				K	-		-		-		K	-		-		-				-		-		-		-		-		-			
358	L	-		-		-		L	-		-		-				L	-		-		-		L	-		-		-				-		-		-		-		-		-			
359	P	-		-		-		P	-		-		-				P	-		-		-		P	-		-		-				-		-		-		-		-		-			
360	C	-		-		-		C	-		-		-				C	-		-		-		C	-		-		-				-		-		-		-		-		-			
361	S	-		-		-		S	-		-		-				S	-		-		-		S	-		-		-				-		-		-		-		-		-			
362	E	-		-		-		E	-		-		-				E	-		-		-		E	-		-		-				-		-		-		-		-		-			
363	N	-		-		-		N	-		-		-				N	-		-		-		N	-		-		-				-		-		-		-		-		-			
364	P	-		-		-		P	-		-		-				P	-		-		-		P	-		-		-				-		-		-		-		-		-			
365	R	-		-		-		R	-		-		-				R	-		-		-		R	-		-		-				-		-		-		-		-		-			
366	D	-		-		-		D	-		p>=0.05		p>=0.05				D	-		p>=0.05		p>=0.05		D	-		-		-				-		p>=0.05		p>=0.05		-		p>=0.05		p>=0.05			
367	T	-		-		-		T	p>=0.05		p>=0.05		p>=0.05				T	p>=0.05		p>=0.05		p>=0.05		T	-		-		-				p>=0.05		p>=0.05		p>=0.05		p>=0.05		p>=0.05		p>=0.05			
368	E	-		-		-		E	-		p>=0.05		p>=0.05				E	-		p>=0.05		p>=0.05		E	-		-		-				-		p>=0.05		p>=0.05		-		p>=0.05		p>=0.05			
369	D	-		-		-		D	p>=0.05		p>=0.05		p>=0.05				D	-		p>=0.05		p>=0.05		D	p>=0.05		-		p>=0.05				-		p>=0.05		p>=0.05		p>=0.05		p>=0.05		p>=0.05			
370	V	-		-		-		V	p>=0.05		p>=0.05		p>=0.05				V	-		-		-		V	p>=0.05		p>=0.05		p>=0.05				-		-		-		p>=0.05		p>=0.05		p>=0.05			
371	P	-		-		-		P	-		p>=0.05		p>=0.05				P	-		-		-		P	-		p>=0.05		p>=0.05				-		-		-		-		p>=0.05		p>=0.05			
372	W	-		-		-		W	-		p>=0.05		p>=0.05				W	-		-		-		W	-		p>=0.05		p>=0.05				-		-		-		-		p>=0.05		p>=0.05			
373	I	-		-		-		I	-		p>=0.05		p>=0.05				I	-		-		-		I	-		p<0.05	14.0	p<0.05	14.0		Neg	-		-		-		-		p<0.05	10.0	p<0.05	10.0		Neg
374	T	-		-		-		T	-		p>=0.05		p>=0.05				T	-		-		-		T	-		p<0.05	14.0	p<0.05	14.0		Neg	-		-		-		-		p<0.05	10.0	p<0.05	10.0		Neg
375	L	-		-		-		L	-		p>=0.05		p>=0.05				L	-		-		-		L	-		p<0.05	14.0	p<0.05	14.0		Neg	-		-		-		-		p<0.05	10.0	p<0.05	10.0		Neg
376	N	-		-		-		N	-		p>=0.05		p>=0.05				N	-		-		-		N	-		p<0.05	14.0	p<0.05	14.0		Neg	-		-		-		-		p<0.05	10.0	p<0.05	10.0		Neg
377	S	-		-		-		S	p>=0.05		p>=0.05		p>=0.05				S	-		-		-		S	p>=0.05		p<0.05	14.0	p<0.05	14.0		Neg	-		-		-		p<0.05	22.0	p<0.05	10.0	p<0.05	10.0	Neg	Neg
378	S	-		-		-		S	-		p>=0.05		p>=0.05				S	-		-		-		S	-		p<0.05	14.0	p<0.05	14.0		Neg	-		-		-		-		p<0.05	10.0	p<0.05	10.0		Neg
379	I	-		-		-		I	-		p>=0.05		p>=0.05				I	-		-		-		I	-		p<0.05	14.0	p<0.05	14.0		Neg	-		-		-		-		p<0.05	10.0	p<0.05	10.0		Neg
380	Q	-		-		-		Q	-		p>=0.05		p>=0.05				Q	-		-		-		Q	-		p<0.05	14.0	p<0.05	14.0		Neg	-		-		-		-		p<0.05	10.0	p<0.05	10.0		Neg
381	K	-		-		-		K	-		p>=0.05		p>=0.05				K	-		-		-		K	-		p<0.05	14.0	p<0.05	14.0		Neg	-		-		-		-		p<0.05	10.0	p<0.05	10.0		Neg
382	V	-		-		-		V	-		-		-				V	-		-		-		V	-		-		-				-		-		-		-		-		-			
383	N	-		-		-		N	-		-		-				N	-		-		-		N	-		-		-				-		-		-		-		-		-			
384	E	-		-		-		E	-		-		-				E	-		-		-		E	-		-		-				-		-		-		-		-		-			
385	W	-		-		-		W	-		-		-				W	-		-		-		W	-		-		-				-		-		-		-		-		-			
386	F	-		-		-		F	-		-		-				F	-		-		-		F	-		-		-				-		-		-		-		-		-			
387	S	-		-		-		S	-		-		-				S	-		-		-		S	-		-		-				-		-		-		-		-		-			
388	R	-		-		-		R	-		-		-				R	-		-		-		R	-		-		-				-		-		-		-		-		-			
389	S	-		-		-		S	-		-		-				S	-		-		-		S	-		-		-				-		-		-		-		-		-			
390	D	-		-		-		D	-		-		-				D	-		-		-		D	-		-		-				-		-		-		-		-		-			
391	E	-		-		-		E	-		-		-				E	-		-		-		E	-		-		-				-		-		-		-		-		-			
392	L	-		-		-		L	-		-		-				L	-		-		-		L	-		-		-				-		-		-		-		-		-			
393	L	-		-		-		L	-		p<0.05	19.0	p<0.05	19.0		Neg	L	-		-		-		L	-		p>=0.05		p>=0.05				-		-		-		-		p<0.05	27.0	p<0.05	2.0		Neg
394	G	-		-		-		G	p>=0.05		p>=0.05		p>=0.05				G	-		-		-		G	p>=0.05		p>=0.05		p>=0.05				-		-		-		p<0.05	21.0	p>=0.05		p<0.05	2.0	Neg	
395	S	-		-		-		S	p>=0.05		p>=0.05		p>=0.05				S	p>=0.05		-		p>=0.05		S	-		p>=0.05		p>=0.05				p>=0.05		-		p>=0.05		p>=0.05		p>=0.05		p>=0.05			
396	D	-		-		-		D	-		p>=0.05		p>=0.05				D	-		p>=0.05		p>=0.05		D	-		-		-				-		p>=0.05		p>=0.05		-		p>=0.05		p>=0.05			
397	D	-		-		-		D	-		-		-				D	-		-		-		D	-		-		-				-		-		-		-		-		-			
398	S	-		-		-		S	-		-		-				S	-		-		-		S	-		-		-				-		-		-		-		-		-			
399	H	-		-		-		H	-		-		-				H	-		-		-		H	-		-		-				-		-		-		-		-		-			
400	D	-		-		-		D	-		-		-				D	-		-		-		D	-		-		-				-		-		-		-		-		-			
401	G	-		-		-		G	-		-		-				G	-		-		-		G	-		-		-				-		-		-		-		-		-			
402	E	-		-		-		E	-		-		-				E	-		-		-		E	-		-		-				-		-		-		-		-		-			
403	S	-		-		-		S	-		-		-				S	-		-		-		S	-		-		-				-		-		-		-		-		-			
404	E	-		-		-		E	-		-		-				E	-		-		-		E	-		-		-				-		-		-		-		-		-			
405	S	-		-		-		S	-		-		-				S	-		-		-		S	-		-		-				-		-		-		-		-		-			
406	N	-		-		-		N	-		p>=0.05		p>=0.05				N	-		-		-		N	-		p>=0.05		p>=0.05				-		-		-		-		p>=0.05		p>=0.05			
407	A	-		-		-		A	p>=0.05		p>=0.05		p>=0.05				A	-		-		-		A	p>=0.05		p>=0.05		p>=0.05				-		-		-		p>=0.05		p>=0.05		p>=0.05			
408	K	-		-		-		K	-		p>=0.05		p>=0.05				K	-		-		-		K	-		p>=0.05		p>=0.05				-		-		-		-		p>=0.05		p>=0.05			
409	V	-		-		-		V	-		-		-				V	-		-		-		V	-		-		-				-		-		-		-		-		-			
410	A	-		-		-		A	-		-		-				A	-		-		-		A	-		-		-				-		-		-		-		-		-			
411	D	-		-		-		D	-		-		-				D	-		-		-		D	-		-		-				-		-		-		-		-		-			
412	V	-		-		-		V	-		-		-				V	-		-		-		V	-		-		-				-		-		-		-		-		-			
413	L	-		p<0.05	24.0	p<0.05	24.0	L	-		-		-			Pos	L	-		p>=0.05		p>=0.05		L	-		-		-				-		p<0.05	30.0	p<0.05	30.0	-		-		-			Pos
414	D	p<0.05	1.0	p<0.05	24.0	p<0.05	24.0	D	-		-		-		Pos	Pos	D	p>=0.05		p>=0.05		p>=0.05		D	-		-		-				p<0.05	24.0	p<0.05	30.0	p<0.05	30.0	-		-		-		Pos	Pos
415	V	-		p<0.05	24.0	p<0.05	24.0	V	-		-		-			Pos	V	-		p>=0.05		p>=0.05		V	-		-		-				-		p<0.05	30.0	p<0.05	30.0	-		-		-			Pos
416	L	-		-		-		L	-		-		-				L	-		-		-		L	-		-		-				-		-		-		-		-		-			
417	N	-		-		-		N	-		-		-				N	-		-		-		N	-		-		-				-		-		-		-		-		-			
418	E	-		-		-		E	-		-		-				E	-		-		-		E	-		-		-				-		-		-		-		-		-			
419	V	-		-		-		V	-		-		-				V	-		-		-		V	-		-		-				-		-		-		-		-		-			
420	D	-		-		-		D	-		-		-				D	-		-		-		D	-		-		-				-		-		-		-		-		-			
421	E	-		-		-		E	-		-		-				E	-		-		-		E	-		-		-				-		-		-		-		-		-			
422	Y	-		-		-		Y	-		-		-				Y	-		-		-		Y	-		-		-				-		-		-		-		-		-			
423	S	-		-		-		S	-		-		-				S	-		-		-		S	-		-		-				-		-		-		-		-		-			
424	G	-		-		-		G	-		-		-				G	-		-		-		G	-		-		-				-		-		-		-		-		-			
425	S	-		p<0.05	11.0	p<0.05	11.0	S	-		-		-			Pos	S	-		p<0.05	16.0	p<0.05	16.0	S	-		-		-			Pos	-		p<0.05	32.0	p<0.05	32.0	-		-		-			Pos
426	S	p>=0.05		p<0.05	11.0	p<0.05	11.0	S	-		-		-			Pos	S	p>=0.05		p<0.05	16.0	p<0.05	16.0	S	-		-		-			Pos	p<0.05	32.0	p<0.05	32.0	p<0.05	32.0	-		-		-		Pos	Pos
427	E	-		p<0.05	11.0	p<0.05	11.0	E	-		-		-			Pos	E	-		p<0.05	16.0	p<0.05	16.0	E	-		-		-			Pos	-		p<0.05	32.0	p<0.05	32.0	-		-		-			Pos
428	K	-		p<0.05	11.0	p<0.05	11.0	K	-		-		-			Pos	K	-		p<0.05	16.0	p<0.05	16.0	K	-		-		-			Pos	-		p<0.05	32.0	p<0.05	32.0	-		-		-			Pos
429	I	-		-		-		I	-		-		-				I	-		-		-		I	-		-		-				-		-		-		-		-		-			
430	D	-		-		-		D	-		-		-				D	-		-		-		D	-		-		-				-		-		-		-		-		-			
431	L	-		-		-		L	-		-		-				L	-		-		-		L	-		-		-				-		-		-		-		-		-			
432	L	-		p>=0.05		p>=0.05		L	-		-		-				L	-		-		-		L	-		p>=0.05		p>=0.05				-		p>=0.05		p>=0.05		-		p>=0.05		p>=0.05			
433	A	p>=0.05		p>=0.05		p>=0.05		A	-		-		-				A	-		-		-		A	p>=0.05		p>=0.05		p>=0.05				p>=0.05		p>=0.05		p>=0.05		p>=0.05		p>=0.05		p>=0.05			
434	S	-		p>=0.05		p>=0.05		S	-		-		-				S	-		-		-		S	-		p>=0.05		p>=0.05				-		p>=0.05		p>=0.05		-		p>=0.05		p>=0.05			
435	D	-		p>=0.05		p>=0.05		D	-		-		-				D	-		-		-		D	-		p>=0.05		p>=0.05				-		p>=0.05		p>=0.05		-		p>=0.05		p>=0.05			
436	P	-		-		-		P	-		-		-				P	-		-		-		P	-		-		-				-		-		-		-		-		-			
437	H	-		-		-		H	-		p<0.05	12.0	p<0.05	12.0		Neg	H	-		-		-		H	-		p>=0.05		p>=0.05				-		-		-		-		p<0.05	20.0	p<0.05	20.0		Neg
438	E	-		-		-		E	-		p<0.05	12.0	p<0.05	12.0		Neg	E	-		-		-		E	-		p>=0.05		p>=0.05				-		-		-		-		p<0.05	20.0	p<0.05	20.0		Neg
439	A	-		-		-		A	p<0.05	8.0	p<0.05	12.0	p<0.05	12.0	Neg	Neg	A	-		-		-		A	p>=0.05		p>=0.05		p>=0.05				-		-		-		p<0.05	18.0	p<0.05	20.0	p<0.05	20.0	Neg	Neg
440	L	-		-		-		L	-		p<0.05	12.0	p<0.05	12.0		Neg	L	-		p>=0.05		p>=0.05		L	-		-		-				-		p>=0.05		p>=0.05		-		p<0.05	20.0	p<0.05	20.0		Neg
441	I	-		-		-		I	-		p<0.05	12.0	p<0.05	12.0		Neg	I	-		p>=0.05		p>=0.05		I	-		-		-				-		p>=0.05		p>=0.05		-		p>=0.05		p>=0.05			
442	C	-		-		-		C	p>=0.05		p<0.05	12.0	p<0.05	12.0		Neg	C	p>=0.05		p>=0.05		p>=0.05		C	-		-		-				p>=0.05		p>=0.05		p>=0.05		p>=0.05		p>=0.05		p>=0.05			
443	K	-		-		-		K	-		p<0.05	12.0	p<0.05	12.0		Neg	K	-		p>=0.05		p>=0.05		K	-		-		-				-		p>=0.05		p>=0.05		-		p>=0.05		p>=0.05			
444	S	-		-		-		S	-		p<0.05	12.0	p<0.05	12.0		Neg	S	-		p>=0.05		p>=0.05		S	-		-		-				-		p>=0.05		p>=0.05		-		p>=0.05		p>=0.05			
445	E	-		-		-		E	-		-		-				E	-		-		-		E	-		-		-				-		-		-		-		-		-			
446	R	-		-		-		R	-		-		-				R	-		-		-		R	-		-		-				-		-		-		-		-		-			
447	V	-		-		-		V	-		-		-				V	-		-		-		V	-		-		-				-		-		-		-		-		-			
448	H	-		-		-		H	-		-		-				H	-		-		-		H	-		-		-				-		-		-		-		-		-			
449	S	-		-		-		S	-		-		-				S	-		-		-		S	-		-		-				-		-		-		-		-		-			
450	K	-		-		-		K	-		-		-				K	-		-		-		K	-		-		-				-		-		-		-		-		-			
451	S	-		-		-		S	-		-		-				S	-		-		-		S	-		-		-				-		-		-		-		-		-			
452	V	-		-		-		V	-		-		-				V	-		-		-		V	-		-		-				-		-		-		-		-		-			
453	E	-		p<0.05	18.0	p<0.05	18.0	E	-		-		-			Pos	E	-		-		-		E	-		p>=0.05		p>=0.05				-		p>=0.05		p>=0.05		-		p>=0.05		p>=0.05			
454	S	p>=0.05		p<0.05	18.0	p<0.05	18.0	S	-		-		-			Pos	S	-		-		-		S	p>=0.05		p>=0.05		p>=0.05				p>=0.05		p>=0.05		p>=0.05		p>=0.05		p>=0.05		p>=0.05			
455	N	-		p<0.05	18.0	p<0.05	18.0	N	-		-		-			Pos	N	-		-		-		N	-		p>=0.05		p>=0.05				-		p>=0.05		p>=0.05		-		p>=0.05		p>=0.05			
456	I	-		-		-		I	-		-		-				I	-		-		-		I	-		-		-				-		-		-		-		-		-			
457	E	-		-		-		E	-		-		-				E	-		-		-		E	-		-		-				-		-		-		-		-		-			
458	D	-		-		-		D	-		-		-				D	-		-		-		D	-		-		-				-		-		-		-		-		-			
459	K	-		-		-		K	-		-		-				K	-		-		-		K	-		-		-				-		-		-		-		-		-			
460	I	-		-		-		I	-		-		-				I	-		-		-		I	-		-		-				-		-		-		-		-		-			
461	F	-		-		-		F	-		-		-				F	-		-		-		F	-		-		-				-		-		-		-		-		-			
462	G	-		-		-		G	-		-		-				G	-		-		-		G	-		-		-				-		-		-		-		-		-			
463	K	-		-		-		K	-		-		-				K	-		-		-		K	-		-		-				-		-		-		-		-		-			
464	T	-		-		-		T	-		-		-				T	-		-		-		T	-		-		-				-		-		-		-		-		-			
465	Y	-		-		-		Y	-		-		-				Y	-		-		-		Y	-		-		-				-		-		-		-		-		-			
466	R	-		-		-		R	-		-		-				R	-		-		-		R	-		-		-				-		-		-		-		-		-			
467	K	-		-		-		K	-		-		-				K	-		-		-		K	-		-		-				-		-		-		-		-		-			
468	K	-		-		-		K	-		-		-				K	-		-		-		K	-		-		-				-		-		-		-		-		-			
469	A	-		-		-		A	-		p>=0.05		p>=0.05				A	-		-		-		A	-		p>=0.05		p>=0.05				-		-		-		-		p>=0.05		p>=0.05			
470	S	-		-		-		S	p>=0.05		p>=0.05		p>=0.05				S	-		-		-		S	p>=0.05		p>=0.05		p>=0.05				-		-		-		p>=0.05		p>=0.05		p>=0.05			
471	L	-		-		-		L	-		p>=0.05		p>=0.05				L	-		-		-		L	-		p>=0.05		p>=0.05				-		-		-		-		p>=0.05		p>=0.05			
472	P	-		-		-		P	-		-		-				P	-		-		-		P	-		-		-				-		-		-		-		-		-			
473	N	-		-		-		N	-		-		-				N	-		-		-		N	-		-		-				-		-		-		-		-		-			
474	L	-		-		-		L	-		-		-				L	-		-		-		L	-		-		-				-		-		-		-		-		-			
475	S	-		-		-		S	-		-		-				S	-		-		-		S	-		-		-				-		-		-		-		-		-			
476	H	-		-		-		H	-		p>=0.05		p>=0.05				H	-		-		-		H	-		p>=0.05		p>=0.05				-		-		-		-		p>=0.05		p>=0.05			
477	V	-		p>=0.05		p>=0.05		V	p>=0.05		-		p>=0.05				V	-		p>=0.05		p>=0.05		V	p>=0.05		-		p>=0.05				-		p>=0.05		p>=0.05		p>=0.05		-		p>=0.05			
478	T	p>=0.05		p>=0.05		p>=0.05		T	-		-		-				T	p>=0.05		p>=0.05		p>=0.05		T	-		-		-				p<0.05	31.0	p>=0.05		p<0.05	25.0	-		-		-		Pos	
479	E	-		p>=0.05		p>=0.05		E	p>=0.05		-		p>=0.05				E	-		p>=0.05		p>=0.05		E	p>=0.05		-		p>=0.05				-		p>=0.05		p>=0.05		p>=0.05		-		p>=0.05			
480	N	-		-		-		N	-		p>=0.05		p>=0.05				N	-		-		-		N	-		p>=0.05		p>=0.05				-		-		-		-		p>=0.05		p>=0.05			
481	L	-		-		-		L	-		-		-				L	-		-		-		L	-		-		-				-		-		-		-		-		-			
482	I	-		-		-		I	-		-		-				I	-		-		-		I	-		-		-				-		-		-		-		-		-			
483	I	-		-		-		I	-		-		-				I	-		-		-		I	-		-		-				-		-		-		-		-		-			
484	G	-		-		-		G	-		-		-				G	-		-		-		G	-		-		-				-		-		-		-		-		-			
485	A	-		-		-		A	-		-		-				A	-		-		-		A	-		-		-				-		-		-		-		-		-			
486	F	-		-		-		F	-		-		-				F	-		-		-		F	-		-		-				-		-		-		-		-		-			
487	V	-		-		-		V	-		-		-				V	-		-		-		V	-		-		-				-		-		-		-		-		-			
488	T	-		-		-		T	-		-		-				T	-		-		-		T	-		-		-				-		-		-		-		-		-			
489	E	-		-		-		E	-		-		-				E	-		-		-		E	-		-		-				-		-		-		-		-		-			
490	P	-		-		-		P	-		-		-				P	-		-		-		P	-		-		-				-		-		-		-		-		-			
491	Q	-		-		-		Q	-		-		-				Q	-		-		-		Q	-		-		-				-		-		-		-		-		-			
492	I	-		-		-		I	-		-		-				I	-		-		-		I	-		-		-				-		-		-		-		-		-			
493	I	-		-		-		I	-		-		-				I	-		-		-		I	-		-		-				-		-		-		-		-		-			
494	Q	-		-		-		Q	-		p>=0.05		p>=0.05				Q	-		p>=0.05		p>=0.05		Q	-		-		-				-		p>=0.05		p>=0.05		-		p>=0.05		p>=0.05			
495	E	-		-		-		E	p>=0.05		p>=0.05		p>=0.05				E	p>=0.05		p>=0.05		p>=0.05		E	-		-		-				p>=0.05		p>=0.05		p>=0.05		p>=0.05		p>=0.05		p>=0.05			
496	R	-		-		-		R	p>=0.05		p>=0.05		p>=0.05				R	p>=0.05		p>=0.05		p>=0.05		R	-		-		-				p>=0.05		p>=0.05		p>=0.05		p>=0.05		p>=0.05		p>=0.05			
497	P	-		-		-		P	-		p>=0.05		p>=0.05				P	-		p>=0.05		p>=0.05		P	-		-		-				-		p>=0.05		p>=0.05		-		p>=0.05		p>=0.05			
498	L	-		-		-		L	-		-		-				L	-		-		-		L	-		-		-				-		-		-		-		-		-			
499	T	-		-		-		T	-		-		-				T	-		-		-		T	-		-		-				-		-		-		-		-		-			
500	N	-		-		-		N	-		-		-				N	-		-		-		N	-		-		-				-		-		-		-		-		-			
501	K	-		-		-		K	-		-		-				K	-		-		-		K	-		-		-				-		-		-		-		-		-			
502	L	-		-		-		L	-		-		-				L	-		-		-		L	-		-		-				-		-		-		-		-		-			
503	K	-		p>=0.05		p>=0.05		K	-		-		-				K	-		p>=0.05		p>=0.05		K	-		-		-				-		p>=0.05		p>=0.05		-		-		-			
504	R	p>=0.05		p>=0.05		p>=0.05		R	-		-		-				R	p>=0.05		p>=0.05		p>=0.05		R	-		-		-				p>=0.05		p>=0.05		p>=0.05		-		-		-			
505	K	-		p>=0.05		p>=0.05		K	-		-		-				K	-		p>=0.05		p>=0.05		K	-		-		-				-		p>=0.05		p>=0.05		-		-		-			
506	R	-		-		-		R	-		-		-				R	-		-		-		R	-		-		-				-		-		-		-		-		-			
507	R	-		-		-		R	-		-		-				R	-		-		-		R	-		-		-				-		-		-		-		-		-			
508	P	-		-		-		P	-		p>=0.05		p>=0.05				P	-		-		-		P	-		p>=0.05		p>=0.05				-		-		-		-		p>=0.05		p>=0.05			
509	T	-		-		-		T	p>=0.05		p>=0.05		p>=0.05				T	-		-		-		T	p>=0.05		p>=0.05		p>=0.05				-		-		-		p>=0.05		p>=0.05		p>=0.05			
510	S	-		-		-		S	p>=0.05		p>=0.05		p>=0.05				S	-		-		-		S	p>=0.05		p>=0.05		p>=0.05				-		-		-		p>=0.05		p>=0.05		p>=0.05			
511	G	-		-		-		G	-		p>=0.05		p>=0.05				G	-		-		-		G	-		p>=0.05		p>=0.05				-		-		-		-		p>=0.05		p>=0.05			
512	L	-		-		-		L	-		-		-				L	-		-		-		L	-		-		-				-		-		-		-		-		-			
513	H	-		-		-		H	-		-		-				H	-		-		-		H	-		-		-				-		-		-		-		-		-			
514	P	-		-		-		P	-		-		-				P	-		-		-		P	-		-		-				-		-		-		-		-		-			
515	E	-		-		-		E	-		-		-				E	-		-		-		E	-		-		-				-		-		-		-		-		-			
516	D	-		-		-		D	-		-		-				D	-		-		-		D	-		-		-				-		-		-		-		-		-			
517	F	-		-		-		F	-		-		-				F	-		-		-		F	-		-		-				-		-		-		-		-		-			
518	I	-		-		-		I	-		-		-				I	-		-		-		I	-		-		-				-		-		-		-		-		-			
519	K	-		-		-		K	-		-		-				K	-		-		-		K	-		-		-				-		-		-		-		-		-			
520	K	-		-		-		K	-		-		-				K	-		-		-		K	-		-		-				-		-		-		-		-		-			
521	A	-		-		-		A	-		-		-				A	-		-		-		A	-		-		-				-		-		-		-		-		-			
522	D	-		-		-		D	-		-		-				D	-		-		-		D	-		-		-				-		-		-		-		-		-			
523	L	-		-		-		L	-		-		-				L	-		-		-		L	-		-		-				-		-		-		-		-		-			
524	A	-		-		-		A	-		-		-				A	-		-		-		A	-		-		-				-		-		-		-		-		-			
525	V	-		-		-		V	-		-		-				V	-		-		-		V	-		-		-				-		-		-		-		-		-			
526	Q	-		-		-		Q	-		-		-				Q	-		-		-		Q	-		-		-				-		-		-		-		-		-			
527	K	-		p<0.05	4.0	p<0.05	4.0	K	-		-		-			Pos	K	-		p>=0.05		p>=0.05		K	-		-		-				-		p<0.05	24.0	p<0.05	11.0	-		-		-			Pos
528	T	p>=0.05		p<0.05	4.0	p<0.05	4.0	T	-		-		-			Pos	T	p>=0.05		p>=0.05		p>=0.05		T	-		-		-				p<0.05	12.0	p<0.05	24.0	p<0.05	11.0	-		-		-		Pos	Pos
529	P	p>=0.05		p<0.05	4.0	p<0.05	4.0	P	-		-		-			Pos	P	p>=0.05		p>=0.05		p>=0.05		P	-		-		-				p<0.05	12.0	p<0.05	24.0	p<0.05	11.0	-		-		-		Pos	Pos
530	E	-		p<0.05	4.0	p<0.05	4.0	E	-		-		-			Pos	E	-		p>=0.05		p>=0.05		E	-		-		-				-		p<0.05	24.0	p<0.05	11.0	-		-		-			Pos
531	M	-		-		-		M	-		-		-				M	-		-		-		M	-		-		-				-		-		-		-		-		-			
532	I	-		-		-		I	-		-		-				I	-		-		-		I	-		-		-				-		-		-		-		-		-			
533	N	-		-		-		N	-		-		-				N	-		-		-		N	-		-		-				-		-		-		-		-		-			
534	Q	-		p>=0.05		p>=0.05		Q	-		-		-				Q	-		p>=0.05		p>=0.05		Q	-		-		-				-		p>=0.05		p>=0.05		-		-		-			
535	G	p>=0.05		p>=0.05		p>=0.05		G	-		-		-				G	p>=0.05		p>=0.05		p>=0.05		G	-		-		-				p>=0.05		p>=0.05		p>=0.05		-		-		-			
536	T	-		p>=0.05		p>=0.05		T	-		-		-				T	-		p>=0.05		p>=0.05		T	-		-		-				-		p>=0.05		p>=0.05		-		-		-			
537	N	-		-		-		N	-		-		-				N	-		-		-		N	-		-		-				-		-		-		-		-		-			
538	Q	-		-		-		Q	-		-		-				Q	-		-		-		Q	-		-		-				-		-		-		-		-		-			
539	T	-		-		-		T	-		-		-				T	-		-		-		T	-		-		-				-		-		-		-		-		-			
540	E	-		-		-		E	-		-		-				E	-		-		-		E	-		-		-				-		-		-		-		-		-			
541	Q	-		-		-		Q	-		-		-				Q	-		-		-		Q	-		-		-				-		-		-		-		-		-			
542	N	-		-		-		N	-		p>=0.05		p>=0.05				N	-		-		-		N	-		p<0.05	23.0	p<0.05	23.0		Neg	-		-		-		-		p<0.05	31.0	p<0.05	7.0		Neg
543	G	-		-		-		G	p>=0.05		p>=0.05		p>=0.05				G	-		-		-		G	p>=0.05		p<0.05	23.0	p<0.05	23.0		Neg	-		-		-		p<0.05	31.0	p<0.05	31.0	p<0.05	7.0	Neg	Neg
544	Q	-		-		-		Q	-		p>=0.05		p>=0.05				Q	-		-		-		Q	-		p<0.05	23.0	p<0.05	23.0		Neg	-		-		-		-		p<0.05	31.0	p<0.05	7.0		Neg
545	V	-		-		-		V	-		-		-				V	-		-		-		V	-		-		-				-		-		-		-		-		-			
546	M	-		-		-		M	-		-		-				M	-		-		-		M	-		-		-				-		-		-		-		-		-			
547	N	-		-		-		N	-		-		-				N	-		-		-		N	-		-		-				-		-		-		-		-		-			
548	I	-		-		-		I	-		-		-				I	-		-		-		I	-		-		-				-		-		-		-		-		-			
549	T	-		-		-		T	-		-		-				T	-		-		-		T	-		-		-				-		-		-		-		-		-			
550	N	-		-		-		N	-		-		-				N	-		-		-		N	-		-		-				-		-		-		-		-		-			
551	S	-		-		-		S	-		-		-				S	-		-		-		S	-		-		-				-		-		-		-		-		-			
552	G	-		-		-		G	-		-		-				G	-		-		-		G	-		-		-				-		-		-		-		-		-			
553	H	-		-		-		H	-		-		-				H	-		-		-		H	-		-		-				-		-		-		-		-		-			
554	E	-		-		-		E	-		-		-				E	-		-		-		E	-		-		-				-		-		-		-		-		-			
555	N	-		-		-		N	-		-		-				N	-		-		-		N	-		-		-				-		-		-		-		-		-			
556	K	-		-		-		K	-		-		-				K	-		-		-		K	-		-		-				-		-		-		-		-		-			
557	T	-		-		-		T	-		-		-				T	-		-		-		T	-		-		-				-		-		-		-		-		-			
558	K	-		-		-		K	-		-		-				K	-		-		-		K	-		-		-				-		-		-		-		-		-			
559	G	-		-		-		G	-		-		-				G	-		-		-		G	-		-		-				-		-		-		-		-		-			
560	D	-		-		-		D	-		-		-				D	-		-		-		D	-		-		-				-		-		-		-		-		-			
561	S	-		-		-		S	-		-		-				S	-		-		-		S	-		-		-				-		-		-		-		-		-			
562	I	-		-		-		I	-		-		-				I	-		-		-		I	-		-		-				-		-		-		-		-		-			
563	Q	-		-		-		Q	-		-		-				Q	-		-		-		Q	-		-		-				-		-		-		-		-		-			
564	N	-		-		-		N	-		-		-				N	-		-		-		N	-		-		-				-		-		-		-		-		-			
565	E	-		-		-		E	-		-		-				E	-		-		-		E	-		-		-				-		-		-		-		-		-			
566	K	-		-		-		K	-		-		-				K	-		-		-		K	-		-		-				-		-		-		-		-		-			
567	N	-		-		-		N	-		-		-				N	-		-		-		N	-		-		-				-		-		-		-		-		-			
568	P	-		-		-		P	-		-		-				P	-		-		-		P	-		-		-				-		-		-		-		-		-			
569	N	-		-		-		N	-		-		-				N	-		-		-		N	-		-		-				-		-		-		-		-		-			
570	P	-		-		-		P	-		-		-				P	-		-		-		P	-		-		-				-		-		-		-		-		-			
571	I	-		-		-		I	-		-		-				I	-		-		-		I	-		-		-				-		-		-		-		-		-			
572	E	-		-		-		E	-		-		-				E	-		-		-		E	-		-		-				-		-		-		-		-		-			
573	S	-		-		-		S	-		-		-				S	-		-		-		S	-		-		-				-		-		-		-		-		-			
574	L	-		-		-		L	-		p>=0.05		p>=0.05				L	-		p>=0.05		p>=0.05		L	-		-		-				-		p>=0.05		p>=0.05		-		p>=0.05		p>=0.05			
575	E	-		-		-		E	p>=0.05		p>=0.05		p>=0.05				E	p>=0.05		p>=0.05		p>=0.05		E	-		-		-				p>=0.05		p>=0.05		p>=0.05		p>=0.05		p>=0.05		p>=0.05			
576	K	-		-		-		K	-		p>=0.05		p>=0.05				K	-		p>=0.05		p>=0.05		K	-		-		-				-		p>=0.05		p>=0.05		-		p>=0.05		p>=0.05			
577	E	-		-		-		E	-		-		-				E	-		-		-		E	-		-		-				-		-		-		-		-		-			
578	S	-		-		-		S	-		-		-				S	-		-		-		S	-		-		-				-		-		-		-		-		-			
579	A	-		-		-		A	-		-		-				A	-		-		-		A	-		-		-				-		-		-		-		-		-			
580	F	-		-		-		F	-		-		-				F	-		-		-		F	-		-		-				-		-		-		-		-		-			
581	K	-		-		-		K	-		-		-				K	-		-		-		K	-		-		-				-		-		-		-		-		-			
582	T	-		-		-		T	-		-		-				T	-		-		-		T	-		-		-				-		-		-		-		-		-			
583	K	-		-		-		K	-		-		-				K	-		-		-		K	-		-		-				-		-		-		-		-		-			
584	A	-		-		-		A	-		-		-				A	-		-		-		A	-		-		-				-		-		-		-		-		-			
585	E	-		-		-		E	-		-		-				E	-		-		-		E	-		-		-				-		-		-		-		-		-			
586	P	-		-		-		P	-		-		-				P	-		-		-		P	-		-		-				-		-		-		-		-		-			
587	I	-		-		-		I	-		-		-				I	-		-		-		I	-		-		-				-		-		-		-		-		-			
588	S	-		-		-		S	-		-		-				S	-		-		-		S	-		-		-				-		-		-		-		-		-			
589	S	-		-		-		S	-		-		-				S	-		-		-		S	-		-		-				-		-		-		-		-		-			
590	S	-		-		-		S	-		-		-				S	-		-		-		S	-		-		-				-		-		-		-		-		-			
591	I	-		-		-		I	-		p>=0.05		p>=0.05				I	-		-		-		I	-		p>=0.05		p>=0.05				-		-		-		-		p>=0.05		p>=0.05			
592	S	-		-		-		S	p>=0.05		p>=0.05		p>=0.05				S	-		-		-		S	p>=0.05		p>=0.05		p>=0.05				-		-		-		p>=0.05		p>=0.05		p>=0.05			
593	N	-		-		-		N	-		p>=0.05		p>=0.05				N	-		-		-		N	-		p>=0.05		p>=0.05				-		-		-		-		p>=0.05		p>=0.05			
594	M	-		-		-		M	-		-		-				M	-		-		-		M	-		-		-				-		-		-		-		-		-			
595	E	-		-		-		E	-		-		-				E	-		-		-		E	-		-		-				-		-		-		-		-		-			
596	L	-		-		-		L	-		p>=0.05		p>=0.05				L	-		p>=0.05		p>=0.05		L	-		-		-				-		p>=0.05		p>=0.05		-		p>=0.05		p>=0.05			
597	E	-		-		-		E	-		p>=0.05		p>=0.05				E	-		p>=0.05		p>=0.05		E	-		-		-				-		p>=0.05		p>=0.05		-		p>=0.05		p>=0.05			
598	L	-		-		-		L	-		p>=0.05		p>=0.05				L	-		p>=0.05		p>=0.05		L	-		-		-				-		p>=0.05		p>=0.05		-		p>=0.05		p>=0.05			
599	N	-		-		-		N	-		-		-				N	-		-		-		N	-		-		-				-		-		-		-		-		-			
600	I	-		-		-		I	-		-		-				I	-		-		-		I	-		-		-				-		-		-		-		-		-			
601	H	-		-		-		H	-		-		-				H	-		-		-		H	-		-		-				-		-		-		-		-		-			
602	N	-		-		-		N	-		-		-				N	-		-		-		N	-		-		-				-		-		-		-		-		-			
603	S	-		-		-		S	-		-		-				S	-		-		-		S	-		-		-				-		-		-		-		-		-			
604	K	-		-		-		K	-		p>=0.05		p>=0.05				K	-		p<0.05	1.0	p<0.05	1.0	K	-		-		-			Pos	-		p<0.05	3.0	p<0.05	3.0	-		p>=0.05		p>=0.05			Pos
605	A	-		p>=0.05		p>=0.05		A	p>=0.05		-		p>=0.05				A	p>=0.05		p<0.05	1.0	p<0.05	1.0	A	-		-		-			Pos	p<0.05	2.0	p<0.05	3.0	p<0.05	3.0	p>=0.05		-		p>=0.05		Pos	Pos
606	P	p>=0.05		p>=0.05		p>=0.05		P	-		-		-				P	p>=0.05		p<0.05	1.0	p<0.05	1.0	P	-		-		-			Pos	p<0.05	2.0	p<0.05	3.0	p<0.05	3.0	-		-		-		Pos	Pos
607	K	-		p>=0.05		p>=0.05		K	-		-		-				K	-		p<0.05	1.0	p<0.05	1.0	K	-		-		-			Pos	-		p<0.05	3.0	p<0.05	3.0	-		-		-			Pos
608	K	-		-		-		K	-		-		-				K	-		-		-		K	-		-		-				-		-		-		-		-		-			
609	N	-		-		-		N	-		-		-				N	-		-		-		N	-		-		-				-		-		-		-		-		-			
610	R	-		-		-		R	-		-		-				R	-		-		-		R	-		-		-				-		-		-		-		-		-			
611	L	-		-		-		L	-		p>=0.05		p>=0.05				L	-		p>=0.05		p>=0.05		L	-		-		-				-		p>=0.05		p>=0.05		-		p>=0.05		p>=0.05			
612	R	-		-		-		R	p>=0.05		p>=0.05		p>=0.05				R	p>=0.05		p>=0.05		p>=0.05		R	-		-		-				p>=0.05		p>=0.05		p>=0.05		p>=0.05		p>=0.05		p>=0.05			
613	R	-		-		-		R	-		p>=0.05		p>=0.05				R	-		p>=0.05		p>=0.05		R	-		-		-				-		p>=0.05		p>=0.05		-		p>=0.05		p>=0.05			
614	K	-		-		-		K	-		-		-				K	-		-		-		K	-		-		-				-		-		-		-		-		-			
615	S	-		-		-		S	-		-		-				S	-		-		-		S	-		-		-				-		-		-		-		-		-			
616	S	-		-		-		S	-		-		-				S	-		-		-		S	-		-		-				-		-		-		-		-		-			
617	T	-		-		-		T	-		-		-				T	-		-		-		T	-		-		-				-		-		-		-		-		-			
618	R	-		-		-		R	-		-		-				R	-		-		-		R	-		-		-				-		-		-		-		-		-			
619	H	-		-		-		H	-		-		-				H	-		-		-		H	-		-		-				-		-		-		-		-		-			
620	I	-		-		-		I	-		-		-				I	-		-		-		I	-		-		-				-		-		-		-		-		-			
621	H	-		-		-		H	-		-		-				H	-		-		-		H	-		-		-				-		-		-		-		-		-			
622	A	-		-		-		A	-		-		-				A	-		-		-		A	-		-		-				-		-		-		-		-		-			
623	L	-		p>=0.05		p>=0.05		L	-		-		-				L	-		p<0.05	21.0	p<0.05	21.0	L	-		-		-			Pos	-		p>=0.05		p>=0.05		-		-		-			
624	E	p>=0.05		p>=0.05		p>=0.05		E	-		-		-				E	p>=0.05		p<0.05	21.0	p<0.05	21.0	E	-		-		-			Pos	p>=0.05		p>=0.05		p>=0.05		-		-		-			
625	L	-		p>=0.05		p>=0.05		L	-		-		-				L	-		p<0.05	21.0	p<0.05	21.0	L	-		-		-			Pos	-		p>=0.05		p>=0.05		-		-		-			
626	V	-		-		-		V	-		-		-				V	-		-		-		V	-		-		-				-		-		-		-		-		-			
627	V	-		-		-		V	-		-		-				V	-		-		-		V	-		-		-				-		-		-		-		-		-			
628	S	-		-		-		S	-		-		-				S	-		-		-		S	-		-		-				-		-		-		-		-		-			
629	R	-		-		-		R	-		-		-				R	-		-		-		R	-		-		-				-		-		-		-		-		-			
630	N	-		-		-		N	-		-		-				N	-		-		-		N	-		-		-				-		-		-		-		-		-			
631	L	-		-		-		L	-		-		-				L	-		-		-		L	-		-		-				-		-		-		-		-		-			
632	S	-		-		-		S	-		-		-				S	-		-		-		S	-		-		-				-		-		-		-		-		-			
633	P	-		-		-		P	-		-		-				P	-		-		-		P	-		-		-				-		-		-		-		-		-			
634	P	-		-		-		P	-		-		-				P	-		-		-		P	-		-		-				-		-		-		-		-		-			
635	N	-		-		-		N	-		-		-				N	-		-		-		N	-		-		-				-		-		-		-		-		-			
636	C	-		p>=0.05		p>=0.05		C	-		-		-				C	-		-		-		C	-		p<0.05	21.0	p<0.05	21.0		Neg	-		p>=0.05		p>=0.05		-		p>=0.05		p>=0.05			
637	T	-		p>=0.05		p>=0.05		T	-		-		-				T	-		-		-		T	-		p<0.05	21.0	p<0.05	21.0		Neg	-		p>=0.05		p>=0.05		-		p>=0.05		p>=0.05			
638	E	p>=0.05		p>=0.05		p>=0.05		E	-		-		-				E	-		-		-		E	p>=0.05		p<0.05	21.0	p<0.05	21.0		Neg	p>=0.05		p>=0.05		p>=0.05		p>=0.05		p>=0.05		p>=0.05			
639	L	-		p>=0.05		p>=0.05		L	-		-		-				L	-		-		-		L	-		p<0.05	21.0	p<0.05	21.0		Neg	-		p>=0.05		p>=0.05		-		p>=0.05		p>=0.05			
640	Q	-		-		-		Q	-		-		-				Q	-		-		-		Q	-		-		-				-		-		-		-		-		-			
641	I	-		-		-		I	-		-		-				I	-		-		-		I	-		-		-				-		-		-		-		-		-			
642	D	-		-		-		D	-		-		-				D	-		-		-		D	-		-		-				-		-		-		-		-		-			
643	S	-		-		-		S	-		-		-				S	-		-		-		S	-		-		-				-		-		-		-		-		-			
644	C	-		-		-		C	-		-		-				C	-		-		-		C	-		-		-				-		-		-		-		-		-			
645	S	-		-		-		S	-		-		-				S	-		-		-		S	-		-		-				-		-		-		-		-		-			
646	S	-		-		-		S	-		-		-				S	-		-		-		S	-		-		-				-		-		-		-		-		-			
647	S	-		-		-		S	-		-		-				S	-		-		-		S	-		-		-				-		-		-		-		-		-			
648	E	-		-		-		E	-		-		-				E	-		-		-		E	-		-		-				-		-		-		-		-		-			
649	E	-		-		-		E	-		-		-				E	-		-		-		E	-		-		-				-		-		-		-		-		-			
650	I	-		-		-		I	-		-		-				I	-		-		-		I	-		-		-				-		-		-		-		-		-			
651	K	-		-		-		K	-		-		-				K	-		-		-		K	-		-		-				-		-		-		-		-		-			
652	K	-		-		-		K	-		-		-				K	-		-		-		K	-		-		-				-		-		-		-		-		-			
653	K	-		-		-		K	-		-		-				K	-		-		-		K	-		-		-				-		-		-		-		-		-			
654	K	-		-		-		K	-		-		-				K	-		-		-		K	-		-		-				-		-		-		-		-		-			
655	Y	-		-		-		Y	-		-		-				Y	-		-		-		Y	-		-		-				-		-		-		-		-		-			
656	N	-		-		-		N	-		-		-				N	-		-		-		N	-		-		-				-		-		-		-		-		-			
657	Q	-		-		-		Q	-		-		-				Q	-		-		-		Q	-		-		-				-		-		-		-		-		-			
658	M	-		-		-		M	-		-		-				M	-		-		-		M	-		-		-				-		-		-		-		-		-			
659	P	-		-		-		P	-		-		-				P	-		-		-		P	-		-		-				-		-		-		-		-		-			
660	V	-		-		-		V	-		-		-				V	-		-		-		V	-		-		-				-		-		-		-		-		-			
661	R	-		-		-		R	-		-		-				R	-		-		-		R	-		-		-				-		-		-		-		-		-			
662	H	-		-		-		H	-		p>=0.05		p>=0.05				H	-		-		-		H	-		p>=0.05		p>=0.05				-		-		-		-		p>=0.05		p>=0.05			
663	S	-		p>=0.05		p>=0.05		S	p>=0.05		-		p>=0.05				S	-		p>=0.05		p>=0.05		S	p>=0.05		-		p>=0.05				-		p>=0.05		p>=0.05		p>=0.05		-		p>=0.05			
664	R	p>=0.05		p>=0.05		p>=0.05		R	-		-		-				R	p>=0.05		p>=0.05		p>=0.05		R	-		-		-				p<0.05	43.0	p>=0.05		p<0.05	41.0	-		-		-		Pos	
665	N	-		p<0.05	23.0	p<0.05	23.0	N	-		-		-			Pos	N	-		p>=0.05		p>=0.05		N	-		-		-				-		p<0.05	23.0	p<0.05	41.0	-		-		-			Pos
666	L	-		-		-		L	-		-		-				L	-		-		-		L	-		-		-				-		-		-		-		-		-			
667	Q	-		-		-		Q	-		-		-				Q	-		-		-		Q	-		-		-				-		-		-		-		-		-			
668	L	-		-		-		L	-		-		-				L	-		-		-		L	-		-		-				-		-		-		-		-		-			
669	M	-		-		-		M	-		-		-				M	-		-		-		M	-		-		-				-		-		-		-		-		-			
670	E	-		-		-		E	-		p>=0.05		p>=0.05				E	-		p>=0.05		p>=0.05		E	-		-		-				-		p>=0.05		p>=0.05		-		p>=0.05		p>=0.05			
671	G	-		-		-		G	p>=0.05		p>=0.05		p>=0.05				G	p>=0.05		p>=0.05		p>=0.05		G	-		-		-				p>=0.05		p>=0.05		p>=0.05		p>=0.05		p>=0.05		p>=0.05			
672	K	-		-		-		K	-		p>=0.05		p>=0.05				K	-		p>=0.05		p>=0.05		K	-		-		-				-		p>=0.05		p>=0.05		-		p>=0.05		p>=0.05			
673	E	-		-		-		E	-		-		-				E	-		-		-		E	-		-		-				-		-		-		-		-		-			
674	P	-		-		-		P	-		-		-				P	-		-		-		P	-		-		-				-		-		-		-		-		-			
675	A	-		-		-		A	-		-		-				A	-		-		-		A	-		-		-				-		-		-		-		-		-			
676	T	-		-		-		T	-		-		-				T	-		-		-		T	-		-		-				-		-		-		-		-		-			
677	G	-		-		-		G	-		-		-				G	-		-		-		G	-		-		-				-		-		-		-		-		-			
678	A	-		-		-		A	-		-		-				A	-		-		-		A	-		-		-				-		-		-		-		-		-			
679	K	-		-		-		K	-		-		-				K	-		-		-		K	-		-		-				-		-		-		-		-		-			
680	K	-		-		-		K	-		-		-				K	-		-		-		K	-		-		-				-		-		-		-		-		-			
681	S	-		-		-		S	-		-		-				S	-		-		-		S	-		-		-				-		-		-		-		-		-			
682	N	-		-		-		N	-		-		-				N	-		-		-		N	-		-		-				-		-		-		-		-		-			
683	K	-		-		-		K	-		-		-				K	-		-		-		K	-		-		-				-		-		-		-		-		-			
684	P	-		-		-		P	-		-		-				P	-		-		-		P	-		-		-				-		-		-		-		-		-			
685	N	-		-		-		N	-		-		-				N	-		-		-		N	-		-		-				-		-		-		-		-		-			
686	E	-		-		-		E	-		-		-				E	-		-		-		E	-		-		-				-		-		-		-		-		-			
687	Q	-		-		-		Q	-		-		-				Q	-		-		-		Q	-		-		-				-		-		-		-		-		-			
688	T	-		p>=0.05		p>=0.05		T	-		-		-				T	-		p>=0.05		p>=0.05		T	-		-		-				-		p>=0.05		p>=0.05		-		-		-			
689	S	p>=0.05		p>=0.05		p>=0.05		S	-		-		-				S	p>=0.05		p>=0.05		p>=0.05		S	-		-		-				p>=0.05		p>=0.05		p>=0.05		-		-		-			
690	K	-		p>=0.05		p>=0.05		K	-		-		-				K	-		p>=0.05		p>=0.05		K	-		-		-				-		p>=0.05		p>=0.05		-		-		-			
691	R	-		-		-		R	-		-		-				R	-		-		-		R	-		-		-				-		-		-		-		-		-			
692	H	-		-		-		H	-		-		-				H	-		-		-		H	-		-		-				-		-		-		-		-		-			
693	D	-		-		-		D	-		-		-				D	-		-		-		D	-		-		-				-		-		-		-		-		-			
694	S	-		-		-		S	-		-		-				S	-		-		-		S	-		-		-				-		-		-		-		-		-			
695	D	-		-		-		D	-		-		-				D	-		-		-		D	-		-		-				-		-		-		-		-		-			
696	T	-		-		-		T	-		-		-				T	-		-		-		T	-		-		-				-		-		-		-		-		-			
697	F	-		-		-		F	-		-		-				F	-		-		-		F	-		-		-				-		-		-		-		-		-			
698	P	-		-		-		P	-		-		-				P	-		-		-		P	-		-		-				-		-		-		-		-		-			
699	E	-		-		-		E	-		-		-				E	-		-		-		E	-		-		-				-		-		-		-		-		-			
700	L	-		-		-		L	-		-		-				L	-		-		-		L	-		-		-				-		-		-		-		-		-			
701	K	-		-		-		K	-		-		-				K	-		-		-		K	-		-		-				-		-		-		-		-		-			
702	L	-		-		-		L	-		-		-				L	-		-		-		L	-		-		-				-		-		-		-		-		-			
703	T	-		-		-		T	-		-		-				T	-		-		-		T	-		-		-				-		-		-		-		-		-			
704	N	-		-		-		N	-		-		-				N	-		-		-		N	-		-		-				-		-		-		-		-		-			
705	A	-		-		-		A	-		-		-				A	-		-		-		A	-		-		-				-		-		-		-		-		-			
706	P	-		-		-		P	-		-		-				P	-		-		-		P	-		-		-				-		-		-		-		-		-			
707	G	-		-		-		G	-		-		-				G	-		-		-		G	-		-		-				-		-		-		-		-		-			
708	S	-		-		-		S	-		-		-				S	-		-		-		S	-		-		-				-		-		-		-		-		-			
709	F	-		-		-		F	-		-		-				F	-		-		-		F	-		-		-				-		-		-		-		-		-			
710	T	-		-		-		T	-		-		-				T	-		-		-		T	-		-		-				-		-		-		-		-		-			
711	K	-		p<0.05	3.0	p<0.05	3.0	K	-		-		-			Pos	K	-		p<0.05	4.0	p<0.05	4.0	K	-		-		-			Pos	-		p<0.05	4.0	p<0.05	4.0	-		-		-			Pos
712	C	p>=0.05		p<0.05	3.0	p<0.05	3.0	C	-		-		-			Pos	C	p<0.05	2.0	p<0.05	4.0	p<0.05	4.0	C	-		-		-		Pos	Pos	p<0.05	21.0	p<0.05	4.0	p<0.05	4.0	-		-		-		Pos	Pos
713	S	-		p<0.05	3.0	p<0.05	3.0	S	-		-		-			Pos	S	-		p<0.05	4.0	p<0.05	4.0	S	-		-		-			Pos	-		p<0.05	4.0	p<0.05	4.0	-		-		-			Pos
714	N	-		-		-		N	-		-		-				N	-		-		-		N	-		-		-				-		-		-		-		-		-			
715	T	-		-		-		T	-		-		-				T	-		-		-		T	-		-		-				-		-		-		-		-		-			
716	S	-		-		-		S	-		-		-				S	-		-		-		S	-		-		-				-		-		-		-		-		-			
717	E	-		-		-		E	-		-		-				E	-		-		-		E	-		-		-				-		-		-		-		-		-			
718	L	-		-		-		L	-		-		-				L	-		-		-		L	-		-		-				-		-		-		-		-		-			
719	K	-		-		-		K	-		-		-				K	-		-		-		K	-		-		-				-		-		-		-		-		-			
720	E	-		-		-		E	-		-		-				E	-		-		-		E	-		-		-				-		-		-		-		-		-			
721	F	-		p>=0.05		p>=0.05		F	-		-		-				F	-		p<0.05	24.0	p<0.05	24.0	F	-		-		-			Pos	-		p<0.05	13.0	p<0.05	42.0	-		-		-			Pos
722	V	p>=0.05		p>=0.05		p>=0.05		V	-		-		-				V	p<0.05	1.0	p<0.05	24.0	p<0.05	24.0	V	-		-		-		Pos	Pos	p<0.05	41.0	p<0.05	13.0	p<0.05	42.0	-		-		-		Pos	Pos
723	N	-		p>=0.05		p>=0.05		N	-		-		-				N	-		p<0.05	24.0	p<0.05	24.0	N	-		-		-			Pos	-		p<0.05	13.0	p<0.05	42.0	-		-		-			Pos
724	P	-		-		-		P	-		-		-				P	-		-		-		P	-		-		-				-		-		-		-		-		-			
725	S	-		p>=0.05		p>=0.05		S	-		-		-				S	-		p>=0.05		p>=0.05		S	-		-		-				-		p>=0.05		p>=0.05		-		-		-			
726	L	-		p>=0.05		p>=0.05		L	-		-		-				L	-		p>=0.05		p>=0.05		L	-		-		-				-		p>=0.05		p>=0.05		-		-		-			
727	P	-		-		-		P	-		-		-				P	-		-		-		P	-		-		-				-		-		-		-		-		-			
728	R	-		p<0.05	10.0	p<0.05	10.0	R	-		-		-			Pos	R	-		-		-		R	-		p<0.05	19.0	p<0.05	19.0		Neg	-		p>=0.05		p>=0.05		-		p>=0.05		p>=0.05			
729	E	p>=0.05		p<0.05	10.0	p<0.05	10.0	E	-		-		-			Pos	E	-		-		-		E	p>=0.05		p<0.05	19.0	p<0.05	19.0		Neg	p>=0.05		p>=0.05		p>=0.05		p>=0.05		p>=0.05		p>=0.05			
730	E	p>=0.05		p<0.05	10.0	p<0.05	10.0	E	-		-		-			Pos	E	-		-		-		E	p>=0.05		p<0.05	19.0	p<0.05	19.0		Neg	p>=0.05		p>=0.05		p>=0.05		p>=0.05		p>=0.05		p>=0.05			
731	K	-		p<0.05	10.0	p<0.05	10.0	K	-		-		-			Pos	K	-		-		-		K	-		p>=0.05		p>=0.05				-		p<0.05	26.0	p<0.05	37.0	-		p>=0.05		p>=0.05			Pos
732	E	p<0.05	0.0	p<0.05	10.0	p<0.05	10.0	E	-		-		-		Pos	Pos	E	p>=0.05		p<0.05	10.0	p<0.05	10.0	E	-		-		-			Pos	p<0.05	5.0	p<0.05	26.0	p<0.05	37.0	-		-		-		Pos	Pos
733	E	p>=0.05		p<0.05	10.0	p<0.05	10.0	E	-		-		-			Pos	E	p>=0.05		p<0.05	10.0	p<0.05	10.0	E	-		-		-			Pos	p<0.05	5.0	p<0.05	26.0	p<0.05	37.0	-		-		-		Pos	Pos
734	K	-		p>=0.05		p>=0.05		K	-		-		-				K	-		p<0.05	10.0	p<0.05	10.0	K	-		-		-			Pos	-		p<0.05	26.0	p<0.05	37.0	-		-		-			Pos
735	L	-		-		-		L	-		-		-				L	-		-		-		L	-		-		-				-		-		-		-		-		-			
736	E	-		-		-		E	-		-		-				E	-		-		-		E	-		-		-				-		-		-		-		-		-			
737	T	-		-		-		T	-		-		-				T	-		-		-		T	-		-		-				-		-		-		-		-		-			
738	V	-		-		-		V	-		-		-				V	-		-		-		V	-		-		-				-		-		-		-		-		-			
739	K	-		-		-		K	-		-		-				K	-		-		-		K	-		-		-				-		-		-		-		-		-			
740	V	-		-		-		V	-		-		-				V	-		-		-		V	-		-		-				-		-		-		-		-		-			
741	S	-		-		-		S	-		-		-				S	-		-		-		S	-		-		-				-		-		-		-		-		-			
742	N	-		-		-		N	-		-		-				N	-		-		-		N	-		-		-				-		-		-		-		-		-			
743	N	-		-		-		N	-		-		-				N	-		-		-		N	-		-		-				-		-		-		-		-		-			
744	A	-		-		-		A	-		-		-				A	-		-		-		A	-		-		-				-		-		-		-		-		-			
745	E	-		-		-		E	-		-		-				E	-		-		-		E	-		-		-				-		-		-		-		-		-			
746	D	-		-		-		D	-		-		-				D	-		-		-		D	-		-		-				-		-		-		-		-		-			
747	P	-		-		-		P	-		-		-				P	-		-		-		P	-		-		-				-		-		-		-		-		-			
748	K	-		-		-		K	-		-		-				K	-		-		-		K	-		-		-				-		-		-		-		-		-			
749	D	-		-		-		D	-		p>=0.05		p>=0.05				D	-		-		-		D	-		p>=0.05		p>=0.05				-		-		-		-		p>=0.05		p>=0.05			
750	L	-		p>=0.05		p>=0.05		L	p>=0.05		-		p>=0.05				L	-		-		-		L	p>=0.05		p>=0.05		p>=0.05				-		p>=0.05		p>=0.05		p>=0.05		p>=0.05		p>=0.05			
751	M	p>=0.05		p>=0.05		p>=0.05		M	-		-		-				M	-		-		-		M	p>=0.05		p>=0.05		p>=0.05				p>=0.05		p>=0.05		p>=0.05		p>=0.05		p>=0.05		p>=0.05			
752	L	-		-		-		L	-		p>=0.05		p>=0.05				L	-		-		-		L	-		p>=0.05		p>=0.05				-		-		-		-		p>=0.05		p>=0.05			
753	S	-		-		-		S	p>=0.05		p>=0.05		p>=0.05				S	p>=0.05		p>=0.05		p>=0.05		S	-		-		-				p>=0.05		p>=0.05		p>=0.05		p>=0.05		p>=0.05		p>=0.05			
754	G	-		-		-		G	p>=0.05		p>=0.05		p>=0.05				G	-		p>=0.05		p>=0.05		G	p>=0.05		-		p>=0.05				-		p>=0.05		p>=0.05		p>=0.05		p>=0.05		p>=0.05			
755	E	-		-		-		E	-		p<0.05	11.0	p<0.05	11.0		Neg	E	-		-		-		E	-		p>=0.05		p>=0.05				-		-		-		-		p>=0.05		p>=0.05			
756	R	-		-		-		R	-		-		-				R	-		-		-		R	-		-		-				-		-		-		-		-		-			
757	V	-		-		-		V	-		-		-				V	-		-		-		V	-		-		-				-		-		-		-		-		-			
758	L	-		-		-		L	-		-		-				L	-		-		-		L	-		-		-				-		-		-		-		-		-			
759	Q	-		-		-		Q	-		-		-				Q	-		-		-		Q	-		-		-				-		-		-		-		-		-			
760	T	-		-		-		T	-		-		-				T	-		-		-		T	-		-		-				-		-		-		-		-		-			
761	E	-		-		-		E	-		-		-				E	-		-		-		E	-		-		-				-		-		-		-		-		-			
762	R	-		-		-		R	-		-		-				R	-		-		-		R	-		-		-				-		-		-		-		-		-			
763	S	-		-		-		S	-		-		-				S	-		-		-		S	-		-		-				-		-		-		-		-		-			
764	V	-		-		-		V	-		-		-				V	-		-		-		V	-		-		-				-		-		-		-		-		-			
765	E	-		-		-		E	-		-		-				E	-		-		-		E	-		-		-				-		-		-		-		-		-			
766	S	-		-		-		S	-		-		-				S	-		-		-		S	-		-		-				-		-		-		-		-		-			
767	S	-		-		-		S	-		-		-				S	-		-		-		S	-		-		-				-		-		-		-		-		-			
768	S	-		-		-		S	-		-		-				S	-		-		-		S	-		-		-				-		-		-		-		-		-			
769	I	-		-		-		I	-		-		-				I	-		-		-		I	-		-		-				-		-		-		-		-		-			
770	S	-		-		-		S	-		-		-				S	-		-		-		S	-		-		-				-		-		-		-		-		-			
771	L	-		-		-		L	-		-		-				L	-		-		-		L	-		-		-				-		-		-		-		-		-			
772	V	-		p>=0.05		p>=0.05		V	-		-		-				V	-		-		-		V	-		p<0.05	24.0	p<0.05	24.0		Neg	-		p>=0.05		p>=0.05		-		p>=0.05		p>=0.05			
773	P	p>=0.05		p>=0.05		p>=0.05		P	-		-		-				P	-		-		-		P	p>=0.05		p<0.05	24.0	p<0.05	24.0		Neg	p>=0.05		p>=0.05		p>=0.05		p>=0.05		p>=0.05		p>=0.05			
774	G	-		-		-		G	-		p>=0.05		p>=0.05				G	-		-		-		G	-		p<0.05	24.0	p<0.05	24.0		Neg	-		-		-		-		p>=0.05		p>=0.05			
775	T	-		-		-		T	p>=0.05		p>=0.05		p>=0.05				T	-		-		-		T	p>=0.05		p<0.05	24.0	p<0.05	24.0		Neg	-		-		-		p<0.05	27.0	p<0.05	21.0	p<0.05	19.0	Neg	Neg
776	D	-		-		-		D	-		p>=0.05		p>=0.05				D	-		-		-		D	-		p<0.05	24.0	p<0.05	24.0		Neg	-		-		-		-		p<0.05	21.0	p<0.05	19.0		Neg
777	Y	-		p>=0.05		p>=0.05		Y	-		-		-				Y	-		-		-		Y	-		p>=0.05		p>=0.05				-		p>=0.05		p>=0.05		-		p>=0.05		p>=0.05			
778	G	p>=0.05		p>=0.05		p>=0.05		G	-		-		-				G	-		-		-		G	p>=0.05		p>=0.05		p>=0.05				p>=0.05		p>=0.05		p>=0.05		p>=0.05		p>=0.05		p>=0.05			
779	T	-		p>=0.05		p>=0.05		T	-		-		-				T	-		-		-		T	-		p>=0.05		p>=0.05				-		p>=0.05		p>=0.05		-		p>=0.05		p>=0.05			
780	Q	-		-		-		Q	-		-		-				Q	-		-		-		Q	-		-		-				-		-		-		-		-		-			
781	E	-		-		-		E	-		-		-				E	-		-		-		E	-		-		-				-		-		-		-		-		-			
782	S	-		-		-		S	-		-		-				S	-		-		-		S	-		-		-				-		-		-		-		-		-			
783	I	-		-		-		I	-		-		-				I	-		-		-		I	-		-		-				-		-		-		-		-		-			
784	S	-		-		-		S	-		-		-				S	-		-		-		S	-		-		-				-		-		-		-		-		-			
785	L	-		-		-		L	-		-		-				L	-		-		-		L	-		-		-				-		-		-		-		-		-			
786	L	-		-		-		L	-		-		-				L	-		-		-		L	-		-		-				-		-		-		-		-		-			
787	E	-		-		-		E	-		-		-				E	-		-		-		E	-		-		-				-		-		-		-		-		-			
788	V	-		-		-		V	-		-		-				V	-		-		-		V	-		-		-				-		-		-		-		-		-			
789	S	-		-		-		S	-		-		-				S	-		-		-		S	-		-		-				-		-		-		-		-		-			
790	T	-		-		-		T	-		-		-				T	-		-		-		T	-		-		-				-		-		-		-		-		-			
791	L	-		-		-		L	-		-		-				L	-		-		-		L	-		-		-				-		-		-		-		-		-			
792	G	-		-		-		G	-		-		-				G	-		-		-		G	-		-		-				-		-		-		-		-		-			
793	K	-		-		-		K	-		-		-				K	-		-		-		K	-		-		-				-		-		-		-		-		-			
794	A	-		-		-		A	-		-		-				A	-		-		-		A	-		-		-				-		-		-		-		-		-			
795	K	-		-		-		K	-		-		-				K	-		-		-		K	-		-		-				-		-		-		-		-		-			
796	T	-		-		-		T	-		-		-				T	-		-		-		T	-		-		-				-		-		-		-		-		-			
797	E	-		-		-		E	-		-		-				E	-		-		-		E	-		-		-				-		-		-		-		-		-			
798	P	-		-		-		P	-		-		-				P	-		-		-		P	-		-		-				-		-		-		-		-		-			
799	N	-		-		-		N	-		-		-				N	-		-		-		N	-		-		-				-		-		-		-		-		-			
800	K	-		-		-		K	-		-		-				K	-		-		-		K	-		-		-				-		-		-		-		-		-			
801	C	-		-		-		C	-		-		-				C	-		-		-		C	-		-		-				-		-		-		-		-		-			
802	V	-		p>=0.05		p>=0.05		V	-		-		-				V	-		p>=0.05		p>=0.05		V	-		-		-				-		p>=0.05		p>=0.05		-		-		-			
803	S	p>=0.05		p>=0.05		p>=0.05		S	-		-		-				S	p>=0.05		p>=0.05		p>=0.05		S	-		-		-				p>=0.05		p>=0.05		p>=0.05		-		-		-			
804	Q	-		p>=0.05		p>=0.05		Q	-		-		-				Q	-		p>=0.05		p>=0.05		Q	-		-		-				-		p>=0.05		p>=0.05		-		-		-			
805	C	-		p<0.05	7.0	p<0.05	7.0	C	-		-		-			Pos	C	-		p<0.05	3.0	p<0.05	3.0	C	-		-		-			Pos	-		p<0.05	17.0	p<0.05	15.0	-		-		-			Pos
806	A	p>=0.05		p<0.05	7.0	p<0.05	7.0	A	-		-		-			Pos	A	p>=0.05		p<0.05	3.0	p<0.05	3.0	A	-		-		-			Pos	p<0.05	6.0	p<0.05	17.0	p<0.05	15.0	-		-		-		Pos	Pos
807	A	p>=0.05		p<0.05	7.0	p<0.05	7.0	A	-		-		-			Pos	A	p>=0.05		p<0.05	3.0	p<0.05	3.0	A	-		-		-			Pos	p<0.05	6.0	p<0.05	17.0	p<0.05	15.0	-		-		-		Pos	Pos
808	F	-		p<0.05	7.0	p<0.05	7.0	F	-		-		-			Pos	F	-		p<0.05	3.0	p<0.05	3.0	F	-		-		-			Pos	-		p<0.05	17.0	p<0.05	15.0	-		-		-			Pos
809	E	-		-		-		E	-		-		-				E	-		-		-		E	-		-		-				-		-		-		-		-		-			
810	N	-		-		-		N	-		p>=0.05		p>=0.05				N	-		p>=0.05		p>=0.05		N	-		-		-				-		p>=0.05		p>=0.05		-		p>=0.05		p>=0.05			
811	P	-		-		-		P	p>=0.05		p>=0.05		p>=0.05				P	p>=0.05		p>=0.05		p>=0.05		P	-		-		-				p>=0.05		p>=0.05		p>=0.05		p>=0.05		p>=0.05		p>=0.05			
812	K	-		-		-		K	-		p>=0.05		p>=0.05				K	-		p>=0.05		p>=0.05		K	-		-		-				-		p>=0.05		p>=0.05		-		p>=0.05		p>=0.05			
813	G	-		-		-		G	-		-		-				G	-		-		-		G	-		-		-				-		-		-		-		-		-			
814	L	-		-		-		L	-		-		-				L	-		-		-		L	-		-		-				-		-		-		-		-		-			
815	I	-		-		-		I	-		-		-				I	-		-		-		I	-		-		-				-		-		-		-		-		-			
816	H	-		p>=0.05		p>=0.05		H	-		-		-				H	-		p>=0.05		p>=0.05		H	-		-		-				-		p>=0.05		p>=0.05		-		-		-			
817	G	p>=0.05		p>=0.05		p>=0.05		G	-		-		-				G	p>=0.05		p>=0.05		p>=0.05		G	-		-		-				p>=0.05		p>=0.05		p>=0.05		-		-		-			
818	C	-		p>=0.05		p>=0.05		C	-		-		-				C	-		p>=0.05		p>=0.05		C	-		-		-				-		p>=0.05		p>=0.05		-		-		-			
819	S	-		-		-		S	-		-		-				S	-		-		-		S	-		-		-				-		-		-		-		-		-			
820	K	-		-		-		K	-		-		-				K	-		-		-		K	-		-		-				-		-		-		-		-		-			
821	D	-		-		-		D	-		-		-				D	-		-		-		D	-		-		-				-		-		-		-		-		-			
822	N	-		-		-		N	-		-		-				N	-		-		-		N	-		-		-				-		-		-		-		-		-			
823	R	-		-		-		R	-		-		-				R	-		-		-		R	-		-		-				-		-		-		-		-		-			
824	N	-		-		-		N	-		p>=0.05		p>=0.05				N	-		-		-		N	-		p>=0.05		p>=0.05				-		-		-		-		p>=0.05		p>=0.05			
825	D	-		-		-		D	p>=0.05		p>=0.05		p>=0.05				D	-		-		-		D	p>=0.05		p>=0.05		p>=0.05				-		-		-		p>=0.05		p>=0.05		p>=0.05			
826	T	-		-		-		T	-		p>=0.05		p>=0.05				T	-		-		-		T	-		p>=0.05		p>=0.05				-		-		-		-		p>=0.05		p>=0.05			
827	E	-		-		-		E	-		-		-				E	-		-		-		E	-		-		-				-		-		-		-		-		-			
828	G	-		-		-		G	-		-		-				G	-		-		-		G	-		-		-				-		-		-		-		-		-			
829	F	-		-		-		F	-		-		-				F	-		-		-		F	-		-		-				-		-		-		-		-		-			
830	K	-		-		-		K	-		-		-				K	-		-		-		K	-		-		-				-		-		-		-		-		-			
831	Y	-		-		-		Y	-		-		-				Y	-		-		-		Y	-		-		-				-		-		-		-		-		-			
832	P	-		-		-		P	-		-		-				P	-		-		-		P	-		-		-				-		-		-		-		-		-			
833	L	-		-		-		L	-		-		-				L	-		-		-		L	-		-		-				-		-		-		-		-		-			
834	G	-		-		-		G	-		p<0.05	8.0	p<0.05	8.0		Neg	G	-		-		-		G	-		p>=0.05		p>=0.05				-		-		-		-		p>=0.05		p>=0.05			
835	H	-		-		-		H	p>=0.05		p<0.05	8.0	p<0.05	8.0		Neg	H	-		-		-		H	p>=0.05		p>=0.05		p>=0.05				-		-		-		p>=0.05		p>=0.05		p>=0.05			
836	E	-		-		-		E	-		p<0.05	8.0	p<0.05	8.0		Neg	E	-		-		-		E	-		p>=0.05		p>=0.05				-		-		-		-		p<0.05	15.0	p<0.05	3.0		Neg
837	V	-		-		-		V	p>=0.05		p>=0.05		p>=0.05				V	-		-		-		V	p>=0.05		p<0.05	8.0	p<0.05	8.0		Neg	-		-		-		p<0.05	24.0	p<0.05	15.0	p<0.05	3.0	Neg	Neg
838	N	-		-		-		N	-		p>=0.05		p>=0.05				N	-		-		-		N	-		p<0.05	8.0	p<0.05	8.0		Neg	-		-		-		-		p<0.05	15.0	p<0.05	3.0		Neg
839	H	-		-		-		H	-		-		-				H	-		-		-		H	-		-		-				-		-		-		-		-		-			
840	S	-		-		-		S	-		-		-				S	-		-		-		S	-		-		-				-		-		-		-		-		-			
841	R	-		-		-		R	-		-		-				R	-		-		-		R	-		-		-				-		-		-		-		-		-			
842	E	-		-		-		E	-		p>=0.05		p>=0.05				E	-		-		-		E	-		p>=0.05		p>=0.05				-		-		-		-		p>=0.05		p>=0.05			
843	T	-		-		-		T	-		p>=0.05		p>=0.05				T	-		-		-		T	-		p>=0.05		p>=0.05				-		-		-		-		p>=0.05		p>=0.05			
844	S	-		-		-		S	p>=0.05		p>=0.05		p>=0.05				S	-		-		-		S	p>=0.05		p>=0.05		p>=0.05				-		-		-		p>=0.05		p>=0.05		p>=0.05			
845	I	-		-		-		I	-		p>=0.05		p>=0.05				I	-		-		-		I	-		p>=0.05		p>=0.05				-		-		-		-		p>=0.05		p>=0.05			
846	E	-		-		-		E	-		p>=0.05		p>=0.05				E	-		-		-		E	-		p>=0.05		p>=0.05				-		-		-		-		p>=0.05		p>=0.05			
847	M	-		-		-		M	-		-		-				M	-		-		-		M	-		-		-				-		-		-		-		-		-			
848	E	-		-		-		E	-		-		-				E	-		-		-		E	-		-		-				-		-		-		-		-		-			
849	E	-		-		-		E	-		-		-				E	-		-		-		E	-		-		-				-		-		-		-		-		-			
850	S	-		-		-		S	-		-		-				S	-		-		-		S	-		-		-				-		-		-		-		-		-			
851	E	-		-		-		E	-		-		-				E	-		-		-		E	-		-		-				-		-		-		-		-		-			
852	L	-		-		-		L	-		-		-				L	-		-		-		L	-		-		-				-		-		-		-		-		-			
853	D	-		-		-		D	-		-		-				D	-		-		-		D	-		-		-				-		-		-		-		-		-			
854	A	-		-		-		A	-		-		-				A	-		-		-		A	-		-		-				-		-		-		-		-		-			
855	Q	-		-		-		Q	-		-		-				Q	-		-		-		Q	-		-		-				-		-		-		-		-		-			
856	Y	-		-		-		Y	-		-		-				Y	-		-		-		Y	-		-		-				-		-		-		-		-		-			
857	L	-		-		-		L	-		-		-				L	-		-		-		L	-		-		-				-		-		-		-		-		-			
858	Q	-		-		-		Q	-		-		-				Q	-		-		-		Q	-		-		-				-		-		-		-		-		-			
859	N	-		-		-		N	-		-		-				N	-		-		-		N	-		-		-				-		-		-		-		-		-			
860	T	-		-		-		T	-		-		-				T	-		-		-		T	-		-		-				-		-		-		-		-		-			
861	F	-		-		-		F	-		-		-				F	-		-		-		F	-		-		-				-		-		-		-		-		-			
862	K	-		-		-		K	-		-		-				K	-		-		-		K	-		-		-				-		-		-		-		-		-			
863	V	-		-		-		V	-		-		-				V	-		-		-		V	-		-		-				-		-		-		-		-		-			
864	S	-		-		-		S	-		-		-				S	-		-		-		S	-		-		-				-		-		-		-		-		-			
865	K	-		-		-		K	-		-		-				K	-		-		-		K	-		-		-				-		-		-		-		-		-			
866	R	-		-		-		R	-		-		-				R	-		-		-		R	-		-		-				-		-		-		-		-		-			
867	Q	-		-		-		Q	-		-		-				Q	-		-		-		Q	-		-		-				-		-		-		-		-		-			
868	S	-		-		-		S	-		-		-				S	-		-		-		S	-		-		-				-		-		-		-		-		-			
869	F	-		p>=0.05		p>=0.05		F	-		-		-				F	-		-		-		F	-		p>=0.05		p>=0.05				-		p>=0.05		p>=0.05		-		p>=0.05		p>=0.05			
870	A	p>=0.05		p>=0.05		p>=0.05		A	-		-		-				A	-		-		-		A	p>=0.05		p>=0.05		p>=0.05				p>=0.05		p>=0.05		p>=0.05		p>=0.05		p>=0.05		p>=0.05			
871	P	p>=0.05		p>=0.05		p>=0.05		P	-		-		-				P	-		-		-		P	p>=0.05		p>=0.05		p>=0.05				p>=0.05		p>=0.05		p>=0.05		p>=0.05		p>=0.05		p>=0.05			
872	F	-		p>=0.05		p>=0.05		F	-		-		-				F	-		-		-		F	-		p>=0.05		p>=0.05				-		p>=0.05		p>=0.05		-		p>=0.05		p>=0.05			
873	S	-		-		-		S	-		-		-				S	-		-		-		S	-		-		-				-		-		-		-		-		-			
874	N	-		p<0.05	21.0	p<0.05	21.0	N	-		-		-			Pos	N	-		p>=0.05		p>=0.05		N	-		-		-				-		p<0.05	19.0	p<0.05	24.0	-		-		-			Pos
875	P	p>=0.05		p<0.05	21.0	p<0.05	21.0	P	-		-		-			Pos	P	p>=0.05		p>=0.05		p>=0.05		P	-		-		-				p>=0.05		p<0.05	19.0	p<0.05	24.0	-		-		-			Pos
876	G	p>=0.05		p<0.05	21.0	p<0.05	21.0	G	-		-		-			Pos	G	p>=0.05		p>=0.05		p>=0.05		G	-		-		-				p<0.05	39.0	p<0.05	19.0	p<0.05	24.0	-		-		-		Pos	Pos
877	N	-		p<0.05	21.0	p<0.05	21.0	N	-		-		-			Pos	N	-		p>=0.05		p>=0.05		N	-		-		-				-		p<0.05	19.0	p<0.05	24.0	-		-		-			Pos
878	A	-		-		-		A	-		-		-				A	-		-		-		A	-		-		-				-		-		-		-		-		-			
879	E	-		-		-		E	-		p>=0.05		p>=0.05				E	-		p>=0.05		p>=0.05		E	-		-		-				-		p>=0.05		p>=0.05		-		p>=0.05		p>=0.05			
880	E	-		-		-		E	p>=0.05		p>=0.05		p>=0.05				E	p>=0.05		p>=0.05		p>=0.05		E	-		-		-				p>=0.05		p>=0.05		p>=0.05		p>=0.05		p>=0.05		p>=0.05			
881	E	-		-		-		E	p>=0.05		p>=0.05		p>=0.05				E	p>=0.05		p>=0.05		p>=0.05		E	-		-		-				p>=0.05		p>=0.05		p>=0.05		p>=0.05		p>=0.05		p>=0.05			
882	C	-		-		-		C	-		p>=0.05		p>=0.05				C	-		p>=0.05		p>=0.05		C	-		-		-				-		p>=0.05		p>=0.05		-		p>=0.05		p>=0.05			
883	A	-		-		-		A	-		p>=0.05		p>=0.05				A	-		-		-		A	-		p>=0.05		p>=0.05				-		-		-		-		p>=0.05		p>=0.05			
884	T	-		-		-		T	p>=0.05		p>=0.05		p>=0.05				T	-		-		-		T	p>=0.05		p>=0.05		p>=0.05				-		-		-		p>=0.05		p>=0.05		p>=0.05			
885	F	-		-		-		F	-		p>=0.05		p>=0.05				F	-		-		-		F	-		p>=0.05		p>=0.05				-		-		-		-		p>=0.05		p>=0.05			
886	S	-		-		-		S	-		-		-				S	-		-		-		S	-		-		-				-		-		-		-		-		-			
887	A	-		-		-		A	-		-		-				A	-		-		-		A	-		-		-				-		-		-		-		-		-			
888	H	-		-		-		H	-		-		-				H	-		-		-		H	-		-		-				-		-		-		-		-		-			
889	S	-		-		-		S	-		-		-				S	-		-		-		S	-		-		-				-		-		-		-		-		-			
890	G	-		-		-		G	-		-		-				G	-		-		-		G	-		-		-				-		-		-		-		-		-			
891	S	-		-		-		S	-		-		-				S	-		-		-		S	-		-		-				-		-		-		-		-		-			
892	L	-		-		-		L	-		-		-				L	-		-		-		L	-		-		-				-		-		-		-		-		-			
893	K	-		-		-		K	-		-		-				K	-		-		-		K	-		-		-				-		-		-		-		-		-			
894	K	-		-		-		K	-		-		-				K	-		-		-		K	-		-		-				-		-		-		-		-		-			
895	Q	-		-		-		Q	-		p>=0.05		p>=0.05				Q	-		p>=0.05		p>=0.05		Q	-		-		-				-		p>=0.05		p>=0.05		-		p>=0.05		p>=0.05			
896	S	-		-		-		S	p>=0.05		p>=0.05		p>=0.05				S	p>=0.05		p>=0.05		p>=0.05		S	-		-		-				p>=0.05		p>=0.05		p>=0.05		p>=0.05		p>=0.05		p>=0.05			
897	P	-		-		-		P	-		p>=0.05		p>=0.05				P	-		p>=0.05		p>=0.05		P	-		-		-				-		p>=0.05		p>=0.05		-		p>=0.05		p>=0.05			
898	K	-		-		-		K	-		-		-				K	-		-		-		K	-		-		-				-		-		-		-		-		-			
899	V	-		p>=0.05		p>=0.05		V	-		-		-				V	-		p<0.05	22.0	p<0.05	22.0	V	-		-		-			Pos	-		p<0.05	22.0	p<0.05	21.0	-		-		-			Pos
900	T	p>=0.05		p>=0.05		p>=0.05		T	-		-		-				T	p>=0.05		p<0.05	22.0	p<0.05	22.0	T	-		-		-			Pos	p<0.05	0.0	p<0.05	22.0	p<0.05	21.0	-		-		-		Pos	Pos
901	F	-		p>=0.05		p>=0.05		F	-		-		-				F	-		p<0.05	22.0	p<0.05	22.0	F	-		-		-			Pos	-		p<0.05	22.0	p<0.05	21.0	-		-		-			Pos
902	E	-		p>=0.05		p>=0.05		E	p>=0.05		-		p>=0.05				E	p<0.05	0.0	p<0.05	22.0	p<0.05	22.0	E	-		-		-		Pos	Pos	p<0.05	0.0	p<0.05	22.0	p<0.05	21.0	p>=0.05		-		p>=0.05		Pos	Pos
903	C	-		-		-		C	p>=0.05		p>=0.05		p>=0.05				C	p<0.05	0.0	p<0.05	22.0	p<0.05	22.0	C	-		-		-		Pos	Pos	p<0.05	0.0	p<0.05	22.0	p<0.05	21.0	p>=0.05		p>=0.05		p>=0.05		Pos	Pos
904	E	-		-		-		E	-		p>=0.05		p>=0.05				E	-		p<0.05	22.0	p<0.05	22.0	E	-		-		-			Pos	-		p<0.05	22.0	p<0.05	21.0	-		p>=0.05		p>=0.05			Pos
905	Q	-		-		-		Q	-		-		-				Q	-		-		-		Q	-		-		-				-		-		-		-		-		-			
906	K	-		-		-		K	-		-		-				K	-		-		-		K	-		-		-				-		-		-		-		-		-			
907	E	-		-		-		E	-		-		-				E	-		-		-		E	-		-		-				-		-		-		-		-		-			
908	E	-		-		-		E	-		-		-				E	-		-		-		E	-		-		-				-		-		-		-		-		-			
909	N	-		-		-		N	-		-		-				N	-		-		-		N	-		-		-				-		-		-		-		-		-			
910	Q	-		-		-		Q	-		-		-				Q	-		-		-		Q	-		-		-				-		-		-		-		-		-			
911	G	-		-		-		G	-		-		-				G	-		-		-		G	-		-		-				-		-		-		-		-		-			
912	K	-		-		-		K	-		-		-				K	-		-		-		K	-		-		-				-		-		-		-		-		-			
913	N	-		-		-		N	-		-		-				N	-		-		-		N	-		-		-				-		-		-		-		-		-			
914	E	-		-		-		E	-		-		-				E	-		-		-		E	-		-		-				-		-		-		-		-		-			
915	S	-		-		-		S	-		-		-				S	-		-		-		S	-		-		-				-		-		-		-		-		-			
916	N	-		-		-		N	-		-		-				N	-		-		-		N	-		-		-				-		-		-		-		-		-			
917	I	-		-		-		I	-		-		-				I	-		-		-		I	-		-		-				-		-		-		-		-		-			
918	K	-		-		-		K	-		-		-				K	-		-		-		K	-		-		-				-		-		-		-		-		-			
919	P	-		-		-		P	-		-		-				P	-		-		-		P	-		-		-				-		-		-		-		-		-			
920	V	-		-		-		V	-		-		-				V	-		-		-		V	-		-		-				-		-		-		-		-		-			
921	Q	-		-		-		Q	-		p>=0.05		p>=0.05				Q	-		-		-		Q	-		p<0.05	20.0	p<0.05	20.0		Neg	-		-		-		-		p<0.05	25.0	p<0.05	25.0		Neg
922	T	-		-		-		T	p>=0.05		p>=0.05		p>=0.05				T	-		-		-		T	p>=0.05		p<0.05	20.0	p<0.05	20.0		Neg	-		-		-		p<0.05	20.0	p<0.05	25.0	p<0.05	25.0	Neg	Neg
923	V	-		-		-		V	-		p>=0.05		p>=0.05				V	-		-		-		V	-		p<0.05	20.0	p<0.05	20.0		Neg	-		-		-		-		p<0.05	25.0	p<0.05	25.0		Neg
924	N	-		-		-		N	-		-		-				N	-		-		-		N	-		-		-				-		-		-		-		-		-			
925	I	-		-		-		I	-		p>=0.05		p>=0.05				I	-		-		-		I	-		p<0.05	26.0	p<0.05	26.0		Neg	-		-		-		-		p<0.05	30.0	p<0.05	28.0		Neg
926	T	-		p>=0.05		p>=0.05		T	p>=0.05		-		p>=0.05				T	-		-		-		T	p>=0.05		p>=0.05		p>=0.05				-		p>=0.05		p>=0.05		p<0.05	29.0	p>=0.05		p<0.05	28.0	Neg	
927	A	p>=0.05		p>=0.05		p>=0.05		A	-		-		-				A	p>=0.05		-		p>=0.05		A	-		p>=0.05		p>=0.05				p>=0.05		p>=0.05		p>=0.05		-		p>=0.05		p>=0.05			
928	G	-		p<0.05	27.0	p<0.05	27.0	G	-		-		-			Pos	G	-		p>=0.05		p>=0.05		G	-		-		-				-		p>=0.05		p>=0.05		-		-		-			
929	F	-		-		-		F	-		-		-				F	-		-		-		F	-		-		-				-		-		-		-		-		-			
930	P	-		-		-		P	-		-		-				P	-		-		-		P	-		-		-				-		-		-		-		-		-			
931	V	-		-		-		V	-		-		-				V	-		-		-		V	-		-		-				-		-		-		-		-		-			
932	V	-		-		-		V	-		-		-				V	-		-		-		V	-		-		-				-		-		-		-		-		-			
933	G	-		-		-		G	-		-		-				G	-		-		-		G	-		-		-				-		-		-		-		-		-			
934	Q	-		-		-		Q	-		-		-				Q	-		-		-		Q	-		-		-				-		-		-		-		-		-			
935	K	-		-		-		K	-		p>=0.05		p>=0.05				K	-		-		-		K	-		p>=0.05		p>=0.05				-		-		-		-		p<0.05	28.0	p<0.05	27.0		Neg
936	D	-		-		-		D	p>=0.05		p>=0.05		p>=0.05				D	-		-		-		D	p>=0.05		p>=0.05		p>=0.05				-		-		-		p<0.05	16.0	p<0.05	28.0	p<0.05	27.0	Neg	Neg
937	K	-		-		-		K	-		p>=0.05		p>=0.05				K	-		-		-		K	-		p>=0.05		p>=0.05				-		-		-		-		p<0.05	28.0	p<0.05	27.0		Neg
938	P	-		-		-		P	-		-		-				P	-		-		-		P	-		-		-				-		-		-		-		-		-			
939	V	-		-		-		V	-		-		-				V	-		-		-		V	-		-		-				-		-		-		-		-		-			
940	D	-		-		-		D	-		-		-				D	-		-		-		D	-		-		-				-		-		-		-		-		-			
941	N	-		-		-		N	-		p<0.05	13.0	p<0.05	13.0		Neg	N	-		p>=0.05		p>=0.05		N	-		-		-				-		p>=0.05		p>=0.05		-		p>=0.05		p>=0.05			
942	A	-		-		-		A	p>=0.05		p<0.05	13.0	p<0.05	13.0		Neg	A	p>=0.05		p>=0.05		p>=0.05		A	-		-		-				p>=0.05		p>=0.05		p>=0.05		p>=0.05		p>=0.05		p>=0.05			
943	K	-		-		-		K	-		p>=0.05		p>=0.05				K	-		p>=0.05		p>=0.05		K	-		-		-				-		p>=0.05		p>=0.05		-		p>=0.05		p>=0.05			
944	C	p>=0.05		p>=0.05		p>=0.05		C	-		-		-				C	p>=0.05		p>=0.05		p>=0.05		C	-		-		-				p>=0.05		p>=0.05		p>=0.05		-		-		-			
945	S	-		p>=0.05		p>=0.05		S	-		-		-				S	-		-		-		S	-		p>=0.05		p>=0.05				-		p>=0.05		p>=0.05		-		p>=0.05		p>=0.05			
946	I	-		-		-		I	-		-		-				I	-		-		-		I	-		-		-				-		-		-		-		-		-			
947	K	-		p>=0.05		p>=0.05		K	-		-		-				K	-		p>=0.05		p>=0.05		K	-		-		-				-		p<0.05	29.0	p<0.05	31.0	-		-		-			Pos
948	G	p>=0.05		p>=0.05		p>=0.05		G	-		-		-				G	p>=0.05		p>=0.05		p>=0.05		G	-		-		-				p<0.05	4.0	p<0.05	29.0	p<0.05	31.0	-		-		-		Pos	Pos
949	G	p>=0.05		p>=0.05		p>=0.05		G	-		-		-				G	p>=0.05		p>=0.05		p>=0.05		G	-		-		-				p<0.05	4.0	p<0.05	29.0	p<0.05	31.0	-		-		-		Pos	Pos
950	S	-		p>=0.05		p>=0.05		S	-		-		-				S	-		p>=0.05		p>=0.05		S	-		-		-				-		p<0.05	29.0	p<0.05	31.0	-		-		-			Pos
951	R	-		-		-		R	-		-		-				R	-		-		-		R	-		-		-				-		-		-		-		-		-			
952	F	-		-		-		F	-		-		-				F	-		-		-		F	-		-		-				-		-		-		-		-		-			
953	C	-		-		-		C	-		-		-				C	-		-		-		C	-		-		-				-		-		-		-		-		-			
954	L	-		p>=0.05		p>=0.05		L	-		-		-				L	-		-		-		L	-		p>=0.05		p>=0.05				-		p>=0.05		p>=0.05		-		p>=0.05		p>=0.05			
955	S	p>=0.05		p>=0.05		p>=0.05		S	-		-		-				S	-		-		-		S	p>=0.05		p>=0.05		p>=0.05				p>=0.05		p>=0.05		p>=0.05		p>=0.05		p>=0.05		p>=0.05			
956	S	-		p>=0.05		p>=0.05		S	-		-		-				S	-		-		-		S	-		p>=0.05		p>=0.05				-		p>=0.05		p>=0.05		-		p>=0.05		p>=0.05			
957	Q	-		-		-		Q	-		-		-				Q	-		-		-		Q	-		-		-				-		-		-		-		-		-			
958	F	-		-		-		F	-		-		-				F	-		-		-		F	-		-		-				-		-		-		-		-		-			
959	R	-		-		-		R	-		-		-				R	-		-		-		R	-		-		-				-		-		-		-		-		-			
960	G	-		-		-		G	-		-		-				G	-		-		-		G	-		-		-				-		-		-		-		-		-			
961	N	-		-		-		N	-		-		-				N	-		-		-		N	-		-		-				-		-		-		-		-		-			
962	E	-		-		-		E	-		-		-				E	-		-		-		E	-		-		-				-		-		-		-		-		-			
963	T	-		-		-		T	-		-		-				T	-		-		-		T	-		-		-				-		-		-		-		-		-			
964	G	-		-		-		G	-		-		-				G	-		-		-		G	-		-		-				-		-		-		-		-		-			
965	L	-		-		-		L	-		-		-				L	-		-		-		L	-		-		-				-		-		-		-		-		-			
966	I	-		p<0.05	26.0	p<0.05	26.0	I	-		-		-			Pos	I	-		p>=0.05		p>=0.05		I	-		-		-				-		p<0.05	20.0	p<0.05	26.0	-		-		-			Pos
967	T	p>=0.05		p<0.05	26.0	p<0.05	26.0	T	-		-		-			Pos	T	p>=0.05		p>=0.05		p>=0.05		T	-		-		-				p<0.05	18.0	p<0.05	20.0	p<0.05	26.0	-		-		-		Pos	Pos
968	P	-		p<0.05	26.0	p<0.05	26.0	P	-		-		-			Pos	P	-		p>=0.05		p>=0.05		P	-		-		-				-		p<0.05	20.0	p<0.05	26.0	-		-		-			Pos
969	N	-		-		-		N	-		-		-				N	-		-		-		N	-		-		-				-		-		-		-		-		-			
970	K	-		-		-		K	-		-		-				K	-		-		-		K	-		-		-				-		-		-		-		-		-			
971	H	-		-		-		H	-		-		-				H	-		-		-		H	-		-		-				-		-		-		-		-		-			
972	G	-		-		-		G	-		-		-				G	-		-		-		G	-		-		-				-		-		-		-		-		-			
973	L	-		-		-		L	-		-		-				L	-		-		-		L	-		-		-				-		-		-		-		-		-			
974	L	-		-		-		L	-		-		-				L	-		-		-		L	-		-		-				-		-		-		-		-		-			
975	Q	-		-		-		Q	-		-		-				Q	-		-		-		Q	-		-		-				-		-		-		-		-		-			
976	N	-		-		-		N	-		-		-				N	-		-		-		N	-		-		-				-		-		-		-		-		-			
977	P	-		p>=0.05		p>=0.05		P	-		-		-				P	-		p<0.05	6.0	p<0.05	6.0	P	-		-		-			Pos	-		p<0.05	5.0	p<0.05	12.0	-		-		-			Pos
978	Y	-		p>=0.05		p>=0.05		Y	-		-		-				Y	-		p<0.05	6.0	p<0.05	6.0	Y	-		-		-			Pos	-		p<0.05	5.0	p<0.05	12.0	-		-		-			Pos
979	R	-		-		-		R	-		-		-				R	-		-		-		R	-		-		-				-		-		-		-		-		-			
980	I	-		-		-		I	-		-		-				I	-		-		-		I	-		-		-				-		-		-		-		-		-			
981	P	-		-		-		P	-		-		-				P	-		-		-		P	-		-		-				-		-		-		-		-		-			
982	P	-		-		-		P	-		-		-				P	-		-		-		P	-		-		-				-		-		-		-		-		-			
983	L	-		-		-		L	-		-		-				L	-		-		-		L	-		-		-				-		-		-		-		-		-			
984	F	-		-		-		F	-		-		-				F	-		-		-		F	-		-		-				-		-		-		-		-		-			
985	P	-		-		-		P	-		-		-				P	-		-		-		P	-		-		-				-		-		-		-		-		-			
986	I	-		-		-		I	-		-		-				I	-		-		-		I	-		-		-				-		-		-		-		-		-			
987	K	-		-		-		K	-		-		-				K	-		-		-		K	-		-		-				-		-		-		-		-		-			
988	S	-		p>=0.05		p>=0.05		S	-		-		-				S	-		p>=0.05		p>=0.05		S	-		-		-				-		p<0.05	35.0	p<0.05	18.0	-		-		-			Pos
989	F	-		p>=0.05		p>=0.05		F	-		-		-				F	-		p>=0.05		p>=0.05		F	-		-		-				-		p<0.05	35.0	p<0.05	18.0	-		-		-			Pos
990	V	p>=0.05		p>=0.05		p>=0.05		V	-		-		-				V	p>=0.05		p>=0.05		p>=0.05		V	-		-		-				p>=0.05		p<0.05	35.0	p<0.05	18.0	-		-		-			Pos
991	K	-		p>=0.05		p>=0.05		K	-		-		-				K	-		p>=0.05		p>=0.05		K	-		-		-				-		p<0.05	35.0	p<0.05	18.0	-		-		-			Pos
992	T	-		p>=0.05		p>=0.05		T	-		-		-				T	-		p>=0.05		p>=0.05		T	-		-		-				-		p<0.05	35.0	p<0.05	18.0	-		-		-			Pos
993	K	-		-		-		K	-		-		-				K	-		-		-		K	-		-		-				-		-		-		-		-		-			
994	C	-		-		-		C	-		-		-				C	-		-		-		C	-		-		-				-		-		-		-		-		-			
995	K	-		-		-		K	-		-		-				K	-		-		-		K	-		-		-				-		-		-		-		-		-			
996	K	-		-		-		K	-		-		-				K	-		-		-		K	-		-		-				-		-		-		-		-		-			
997	N	-		-		-		N	-		-		-				N	-		-		-		N	-		-		-				-		-		-		-		-		-			
998	L	-		-		-		L	-		-		-				L	-		-		-		L	-		-		-				-		-		-		-		-		-			
999	L	-		-		-		L	-		-		-				L	-		-		-		L	-		-		-				-		-		-		-		-		-			
1000	E	-		-		-		E	-		-		-				E	-		-		-		E	-		-		-				-		-		-		-		-		-			
1001	E	-		-		-		E	-		-		-				E	-		-		-		E	-		-		-				-		-		-		-		-		-			
1002	N	-		-		-		N	-		-		-				N	-		-		-		N	-		-		-				-		-		-		-		-		-			
1003	F	-		-		-		F	-		-		-				F	-		-		-		F	-		-		-				-		-		-		-		-		-			
1004	E	-		-		-		E	-		-		-				E	-		-		-		E	-		-		-				-		-		-		-		-		-			
1005	E	-		-		-		E	-		-		-				E	-		-		-		E	-		-		-				-		-		-		-		-		-			
1006	H	-		-		-		H	-		-		-				H	-		-		-		H	-		-		-				-		-		-		-		-		-			
1007	S	-		-		-		S	-		-		-				S	-		-		-		S	-		-		-				-		-		-		-		-		-			
1008	M	-		p<0.05	9.0	p<0.05	9.0	M	-		-		-			Pos	M	-		p>=0.05		p>=0.05		M	-		-		-				-		p<0.05	9.0	p<0.05	40.0	-		-		-			Pos
1009	S	p>=0.05		p<0.05	9.0	p<0.05	9.0	S	-		-		-			Pos	S	p>=0.05		p>=0.05		p>=0.05		S	-		-		-				p<0.05	9.0	p<0.05	9.0	p<0.05	40.0	-		-		-		Pos	Pos
1010	P	p>=0.05		p<0.05	9.0	p<0.05	9.0	P	-		-		-			Pos	P	p>=0.05		p>=0.05		p>=0.05		P	-		-		-				p<0.05	9.0	p<0.05	9.0	p<0.05	40.0	-		-		-		Pos	Pos
1011	E	-		p<0.05	9.0	p<0.05	9.0	E	-		-		-			Pos	E	-		p>=0.05		p>=0.05		E	-		-		-				-		p<0.05	9.0	p<0.05	40.0	-		-		-			Pos
1012	R	-		-		-		R	-		-		-				R	-		-		-		R	-		-		-				-		-		-		-		-		-			
1013	E	-		-		-		E	-		-		-				E	-		-		-		E	-		-		-				-		-		-		-		-		-			
1014	M	-		p>=0.05		p>=0.05		M	-		-		-				M	-		-		-		M	-		p>=0.05		p>=0.05				-		p>=0.05		p>=0.05		-		p>=0.05		p>=0.05			
1015	G	p>=0.05		p>=0.05		p>=0.05		G	-		-		-				G	-		-		-		G	p>=0.05		p>=0.05		p>=0.05				p>=0.05		p>=0.05		p>=0.05		p>=0.05		p>=0.05		p>=0.05			
1016	N	-		p>=0.05		p>=0.05		N	-		-		-				N	-		-		-		N	-		p>=0.05		p>=0.05				-		p>=0.05		p>=0.05		-		p>=0.05		p>=0.05			
1017	E	-		-		-		E	-		-		-				E	-		-		-		E	-		-		-				-		-		-		-		-		-			
1018	N	-		-		-		N	-		-		-				N	-		-		-		N	-		-		-				-		-		-		-		-		-			
1019	I	-		-		-		I	-		-		-				I	-		-		-		I	-		-		-				-		-		-		-		-		-			
1020	P	-		-		-		P	-		-		-				P	-		-		-		P	-		-		-				-		-		-		-		-		-			
1021	S	-		-		-		S	-		-		-				S	-		-		-		S	-		-		-				-		-		-		-		-		-			
1022	T	-		-		-		T	-		-		-				T	-		-		-		T	-		-		-				-		-		-		-		-		-			
1023	V	-		-		-		V	-		-		-				V	-		-		-		V	-		-		-				-		-		-		-		-		-			
1024	S	-		-		-		S	-		-		-				S	-		-		-		S	-		-		-				-		-		-		-		-		-			
1025	T	-		-		-		T	-		-		-				T	-		-		-		T	-		-		-				-		-		-		-		-		-			
1026	I	-		-		-		I	-		-		-				I	-		-		-		I	-		-		-				-		-		-		-		-		-			
1027	S	-		-		-		S	-		-		-				S	-		-		-		S	-		-		-				-		-		-		-		-		-			
1028	R	-		-		-		R	-		-		-				R	-		-		-		R	-		-		-				-		-		-		-		-		-			
1029	N	-		-		-		N	-		-		-				N	-		-		-		N	-		-		-				-		-		-		-		-		-			
1030	N	-		-		-		N	-		-		-				N	-		-		-		N	-		-		-				-		-		-		-		-		-			
1031	I	-		-		-		I	-		-		-				I	-		-		-		I	-		-		-				-		-		-		-		-		-			
1032	R	-		p<0.05	29.0	p<0.05	29.0	R	-		-		-			Pos	R	-		p<0.05	18.0	p<0.05	18.0	R	-		-		-			Pos	-		p<0.05	25.0	p<0.05	23.0	-		-		-			Pos
1033	E	p>=0.05		p<0.05	29.0	p<0.05	29.0	E	-		-		-			Pos	E	p>=0.05		p<0.05	18.0	p<0.05	18.0	E	-		-		-			Pos	p<0.05	23.0	p<0.05	25.0	p<0.05	23.0	-		-		-		Pos	Pos
1034	N	-		p<0.05	29.0	p<0.05	29.0	N	-		-		-			Pos	N	-		p<0.05	18.0	p<0.05	18.0	N	-		-		-			Pos	-		p<0.05	25.0	p<0.05	23.0	-		-		-			Pos
1035	V	-		-		-		V	-		-		-				V	-		-		-		V	-		-		-				-		-		-		-		-		-			
1036	F	-		-		-		F	-		-		-				F	-		-		-		F	-		-		-				-		-		-		-		-		-			
1037	K	-		-		-		K	-		-		-				K	-		-		-		K	-		-		-				-		-		-		-		-		-			
1038	E	-		-		-		E	-		-		-				E	-		-		-		E	-		-		-				-		-		-		-		-		-			
1039	A	-		-		-		A	-		-		-				A	-		-		-		A	-		-		-				-		-		-		-		-		-			
1040	S	-		-		-		S	-		-		-				S	-		-		-		S	-		-		-				-		-		-		-		-		-			
1041	S	-		-		-		S	-		-		-				S	-		-		-		S	-		-		-				-		-		-		-		-		-			
1042	S	-		-		-		S	-		-		-				S	-		-		-		S	-		-		-				-		-		-		-		-		-			
1043	N	-		-		-		N	-		-		-				N	-		-		-		N	-		-		-				-		-		-		-		-		-			
1044	I	-		-		-		I	-		-		-				I	-		-		-		I	-		-		-				-		-		-		-		-		-			
1045	N	-		-		-		N	-		p>=0.05		p>=0.05				N	-		-		-		N	-		p<0.05	18.0	p<0.05	18.0		Neg	-		-		-		-		p<0.05	8.0	p<0.05	15.0		Neg
1046	E	-		-		-		E	p>=0.05		p>=0.05		p>=0.05				E	-		-		-		E	p>=0.05		p<0.05	18.0	p<0.05	18.0		Neg	-		-		-		p<0.05	10.0	p<0.05	8.0	p<0.05	15.0	Neg	Neg
1047	V	-		-		-		V	-		p>=0.05		p>=0.05				V	-		-		-		V	-		p<0.05	18.0	p<0.05	18.0		Neg	-		-		-		-		p<0.05	8.0	p<0.05	15.0		Neg
1048	G	-		-		-		G	-		p>=0.05		p>=0.05				G	-		p>=0.05		p>=0.05		G	-		-		-				-		p>=0.05		p>=0.05		-		p>=0.05		p>=0.05			
1049	S	-		-		-		S	p>=0.05		p>=0.05		p>=0.05				S	p>=0.05		p>=0.05		p>=0.05		S	-		-		-				p>=0.05		p>=0.05		p>=0.05		p>=0.05		p>=0.05		p>=0.05			
1050	S	-		-		-		S	-		p>=0.05		p>=0.05				S	-		p>=0.05		p>=0.05		S	-		-		-				-		p>=0.05		p>=0.05		-		p>=0.05		p>=0.05			
1051	T	-		-		-		T	-		-		-				T	-		-		-		T	-		-		-				-		-		-		-		-		-			
1052	N	-		-		-		N	-		-		-				N	-		-		-		N	-		-		-				-		-		-		-		-		-			
1053	E	-		-		-		E	-		-		-				E	-		-		-		E	-		-		-				-		-		-		-		-		-			
1054	V	-		-		-		V	-		p>=0.05		p>=0.05				V	-		p>=0.05		p>=0.05		V	-		-		-				-		p>=0.05		p>=0.05		-		p>=0.05		p>=0.05			
1055	G	-		p>=0.05		p>=0.05		G	p>=0.05		-		p>=0.05				G	p>=0.05		p>=0.05		p>=0.05		G	-		-		-				p>=0.05		p>=0.05		p>=0.05		p>=0.05		-		p>=0.05			
1056	S	p>=0.05		p>=0.05		p>=0.05		S	-		-		-				S	p>=0.05		p>=0.05		p>=0.05		S	-		-		-				p>=0.05		p>=0.05		p>=0.05		-		-		-			
1057	S	-		p<0.05	16.0	p<0.05	16.0	S	-		-		-			Pos	S	-		p>=0.05		p>=0.05		S	-		-		-				-		p>=0.05		p>=0.05		-		-		-			
1058	I	-		-		-		I	-		-		-				I	-		-		-		I	-		-		-				-		-		-		-		-		-			
1059	N	-		-		-		N	-		-		-				N	-		-		-		N	-		-		-				-		-		-		-		-		-			
1060	E	-		-		-		E	-		-		-				E	-		-		-		E	-		-		-				-		-		-		-		-		-			
1061	I	-		p>=0.05		p>=0.05		I	-		-		-				I	-		p>=0.05		p>=0.05		I	-		-		-				-		p<0.05	2.0	p<0.05	5.0	-		-		-			Pos
1062	G	p>=0.05		p>=0.05		p>=0.05		G	-		-		-				G	p>=0.05		p>=0.05		p>=0.05		G	-		-		-				p<0.05	42.0	p<0.05	2.0	p<0.05	5.0	-		-		-		Pos	Pos
1063	S	-		p>=0.05		p>=0.05		S	-		-		-				S	-		p>=0.05		p>=0.05		S	-		-		-				-		p<0.05	2.0	p<0.05	5.0	-		-		-			Pos
1064	S	-		-		-		S	-		-		-				S	-		-		-		S	-		-		-				-		-		-		-		-		-			
1065	D	-		-		-		D	-		-		-				D	-		-		-		D	-		-		-				-		-		-		-		-		-			
1066	E	-		-		-		E	-		-		-				E	-		-		-		E	-		-		-				-		-		-		-		-		-			
1067	N	-		-		-		N	-		-		-				N	-		-		-		N	-		-		-				-		-		-		-		-		-			
1068	I	-		-		-		I	-		-		-				I	-		-		-		I	-		-		-				-		-		-		-		-		-			
1069	Q	-		p>=0.05		p>=0.05		Q	-		-		-				Q	-		-		-		Q	-		p<0.05	3.0	p<0.05	3.0		Neg	-		p>=0.05		p>=0.05		-		p<0.05	4.0	p<0.05	4.0		Neg
1070	A	p>=0.05		p>=0.05		p>=0.05		A	-		-		-				A	-		-		-		A	p<0.05	7.0	p<0.05	3.0	p<0.05	3.0	Neg	Neg	p>=0.05		p>=0.05		p>=0.05		p<0.05	17.0	p<0.05	4.0	p<0.05	4.0	Neg	Neg
1071	E	-		p>=0.05		p>=0.05		E	-		-		-				E	-		-		-		E	-		p<0.05	3.0	p<0.05	3.0		Neg	-		p>=0.05		p>=0.05		-		p<0.05	4.0	p<0.05	4.0		Neg
1072	L	-		-		-		L	-		-		-				L	-		-		-		L	-		-		-				-		-		-		-		-		-			
1073	G	-		-		-		G	-		-		-				G	-		-		-		G	-		-		-				-		-		-		-		-		-			
1074	R	-		-		-		R	-		-		-				R	-		-		-		R	-		-		-				-		-		-		-		-		-			
1075	N	-		-		-		N	-		-		-				N	-		-		-		N	-		-		-				-		-		-		-		-		-			
1076	R	-		-		-		R	-		-		-				R	-		-		-		R	-		-		-				-		-		-		-		-		-			
1077	G	-		-		-		G	-		-		-				G	-		-		-		G	-		-		-				-		-		-		-		-		-			
1078	P	-		-		-		P	-		-		-				P	-		-		-		P	-		-		-				-		-		-		-		-		-			
1079	K	-		-		-		K	-		-		-				K	-		-		-		K	-		-		-				-		-		-		-		-		-			
1080	L	-		-		-		L	-		-		-				L	-		-		-		L	-		-		-				-		-		-		-		-		-			
1081	N	-		p>=0.05		p>=0.05		N	-		-		-				N	-		p>=0.05		p>=0.05		N	-		-		-				-		p>=0.05		p>=0.05		-		-		-			
1082	A	p>=0.05		-		p>=0.05		A	-		p>=0.05		p>=0.05				A	p>=0.05		p>=0.05		p>=0.05		A	-		-		-				p>=0.05		p>=0.05		p>=0.05		-		p>=0.05		p>=0.05			
1083	M	-		-		-		M	p>=0.05		p>=0.05		p>=0.05				M	p>=0.05		p>=0.05		p>=0.05		M	-		-		-				p>=0.05		p>=0.05		p>=0.05		p>=0.05		p>=0.05		p>=0.05			
1084	L	-		-		-		L	-		p>=0.05		p>=0.05				L	-		p>=0.05		p>=0.05		L	-		-		-				-		p>=0.05		p>=0.05		-		p>=0.05		p>=0.05			
1085	R	-		-		-		R	-		-		-				R	-		-		-		R	-		-		-				-		-		-		-		-		-			
1086	L	-		-		-		L	-		-		-				L	-		-		-		L	-		-		-				-		-		-		-		-		-			
1087	G	-		-		-		G	-		-		-				G	-		-		-		G	-		-		-				-		-		-		-		-		-			
1088	V	-		-		-		V	-		-		-				V	-		-		-		V	-		-		-				-		-		-		-		-		-			
1089	L	-		-		-		L	-		-		-				L	-		-		-		L	-		-		-				-		-		-		-		-		-			
1090	Q	-		-		-		Q	-		-		-				Q	-		-		-		Q	-		-		-				-		-		-		-		-		-			
1091	P	-		-		-		P	-		-		-				P	-		-		-		P	-		-		-				-		-		-		-		-		-			
1092	E	-		-		-		E	-		-		-				E	-		-		-		E	-		-		-				-		-		-		-		-		-			
1093	V	-		-		-		V	-		-		-				V	-		-		-		V	-		-		-				-		-		-		-		-		-			
1094	Y	-		-		-		Y	-		-		-				Y	-		-		-		Y	-		-		-				-		-		-		-		-		-			
1095	K	-		-		-		K	-		-		-				K	-		-		-		K	-		-		-				-		-		-		-		-		-			
1096	Q	-		p>=0.05		p>=0.05		Q	-		-		-				Q	-		p<0.05	13.0	p<0.05	13.0	Q	-		-		-			Pos	-		p<0.05	7.0	p<0.05	17.0	-		-		-			Pos
1097	S	p>=0.05		p>=0.05		p>=0.05		S	-		-		-				S	p>=0.05		p<0.05	13.0	p<0.05	13.0	S	-		-		-			Pos	p<0.05	20.0	p<0.05	7.0	p<0.05	17.0	-		-		-		Pos	Pos
1098	L	-		p>=0.05		p>=0.05		L	-		-		-				L	-		p<0.05	13.0	p<0.05	13.0	L	-		-		-			Pos	-		p<0.05	7.0	p<0.05	17.0	-		-		-			Pos
1099	P	-		-		-		P	-		-		-				P	-		-		-		P	-		-		-				-		-		-		-		-		-			
1100	G	-		-		-		G	-		-		-				G	-		-		-		G	-		-		-				-		-		-		-		-		-			
1101	S	-		-		-		S	-		-		-				S	-		-		-		S	-		-		-				-		-		-		-		-		-			
1102	N	-		-		-		N	-		-		-				N	-		-		-		N	-		-		-				-		-		-		-		-		-			
1103	C	-		-		-		C	-		-		-				C	-		-		-		C	-		-		-				-		-		-		-		-		-			
1104	K	-		-		-		K	-		-		-				K	-		-		-		K	-		-		-				-		-		-		-		-		-			
1105	H	-		-		-		H	-		-		-				H	-		-		-		H	-		-		-				-		-		-		-		-		-			
1106	P	-		-		-		P	-		-		-				P	-		-		-		P	-		-		-				-		-		-		-		-		-			
1107	E	-		-		-		E	-		-		-				E	-		-		-		E	-		-		-				-		-		-		-		-		-			
1108	I	-		-		-		I	-		-		-				I	-		-		-		I	-		-		-				-		-		-		-		-		-			
1109	K	-		-		-		K	-		-		-				K	-		-		-		K	-		-		-				-		-		-		-		-		-			
1110	K	-		-		-		K	-		-		-				K	-		-		-		K	-		-		-				-		-		-		-		-		-			
1111	Q	-		p>=0.05		p>=0.05		Q	-		-		-				Q	-		-		-		Q	-		p>=0.05		p>=0.05				-		p>=0.05		p>=0.05		-		p>=0.05		p>=0.05			
1112	E	p>=0.05		p>=0.05		p>=0.05		E	-		-		-				E	-		-		-		E	p>=0.05		p>=0.05		p>=0.05				p>=0.05		p>=0.05		p>=0.05		p>=0.05		p>=0.05		p>=0.05			
1113	Y	-		p>=0.05		p>=0.05		Y	-		-		-				Y	-		-		-		Y	-		p>=0.05		p>=0.05				-		p>=0.05		p>=0.05		-		p>=0.05		p>=0.05			
1114	E	-		-		-		E	-		-		-				E	-		-		-		E	-		-		-				-		-		-		-		-		-			
1115	E	-		-		-		E	-		-		-				E	-		-		-		E	-		-		-				-		-		-		-		-		-			
1116	V	-		-		-		V	-		-		-				V	-		-		-		V	-		-		-				-		-		-		-		-		-			
1117	V	-		-		-		V	-		-		-				V	-		-		-		V	-		-		-				-		-		-		-		-		-			
1118	Q	-		-		-		Q	-		-		-				Q	-		-		-		Q	-		-		-				-		-		-		-		-		-			
1119	T	-		-		-		T	-		-		-				T	-		-		-		T	-		-		-				-		-		-		-		-		-			
1120	V	-		-		-		V	-		-		-				V	-		-		-		V	-		-		-				-		-		-		-		-		-			
1121	N	-		-		-		N	-		-		-				N	-		-		-		N	-		-		-				-		-		-		-		-		-			
1122	T	-		-		-		T	-		-		-				T	-		-		-		T	-		-		-				-		-		-		-		-		-			
1123	D	-		-		-		D	-		-		-				D	-		-		-		D	-		-		-				-		-		-		-		-		-			
1124	F	-		-		-		F	-		-		-				F	-		-		-		F	-		-		-				-		-		-		-		-		-			
1125	S	-		-		-		S	-		-		-				S	-		-		-		S	-		-		-				-		-		-		-		-		-			
1126	P	-		-		-		P	-		-		-				P	-		-		-		P	-		-		-				-		-		-		-		-		-			
1127	Y	-		-		-		Y	-		-		-				Y	-		-		-		Y	-		-		-				-		-		-		-		-		-			
1128	L	-		-		-		L	-		-		-				L	-		-		-		L	-		-		-				-		-		-		-		-		-			
1129	I	-		-		-		I	-		-		-				I	-		-		-		I	-		-		-				-		-		-		-		-		-			
1130	S	-		-		-		S	-		p>=0.05		p>=0.05				S	-		p<0.05	12.0	p<0.05	12.0	S	-		-		-			Pos	-		p<0.05	10.0	p<0.05	16.0	-		p>=0.05		p>=0.05			Pos
1131	D	-		-		-		D	p>=0.05		p>=0.05		p>=0.05				D	p>=0.05		p<0.05	12.0	p<0.05	12.0	D	-		-		-			Pos	p<0.05	11.0	p<0.05	10.0	p<0.05	16.0	p>=0.05		p>=0.05		p>=0.05		Pos	Pos
1132	N	-		-		-		N	-		p>=0.05		p>=0.05				N	-		p<0.05	12.0	p<0.05	12.0	N	-		-		-			Pos	-		p<0.05	10.0	p<0.05	16.0	-		p>=0.05		p>=0.05			Pos
1133	L	-		-		-		L	-		-		-				L	-		-		-		L	-		-		-				-		-		-		-		-		-			
1134	E	-		-		-		E	-		-		-				E	-		-		-		E	-		-		-				-		-		-		-		-		-			
1135	Q	-		-		-		Q	-		-		-				Q	-		-		-		Q	-		-		-				-		-		-		-		-		-			
1136	P	-		-		-		P	-		-		-				P	-		-		-		P	-		-		-				-		-		-		-		-		-			
1137	M	-		-		-		M	-		-		-				M	-		-		-		M	-		-		-				-		-		-		-		-		-			
1138	G	-		-		-		G	-		-		-				G	-		-		-		G	-		-		-				-		-		-		-		-		-			
1139	S	-		-		-		S	-		-		-				S	-		-		-		S	-		-		-				-		-		-		-		-		-			
1140	S	-		-		-		S	-		-		-				S	-		-		-		S	-		-		-				-		-		-		-		-		-			
1141	H	-		p>=0.05		p>=0.05		H	-		-		-				H	-		p>=0.05		p>=0.05		H	-		-		-				-		p<0.05	2.0	p<0.05	5.0	-		-		-			Pos
1142	A	p>=0.05		p>=0.05		p>=0.05		A	-		-		-				A	p>=0.05		p>=0.05		p>=0.05		A	-		-		-				p<0.05	35.0	p<0.05	2.0	p<0.05	5.0	-		-		-		Pos	Pos
1143	S	-		p>=0.05		p>=0.05		S	-		-		-				S	-		p>=0.05		p>=0.05		S	-		-		-				-		p<0.05	2.0	p<0.05	5.0	-		-		-			Pos
1144	Q	-		-		-		Q	-		-		-				Q	-		-		-		Q	-		-		-				-		-		-		-		-		-			
1145	V	-		-		-		V	-		-		-				V	-		-		-		V	-		-		-				-		-		-		-		-		-			
1146	C	-		-		-		C	-		-		-				C	-		-		-		C	-		-		-				-		-		-		-		-		-			
1147	S	-		-		-		S	-		-		-				S	-		-		-		S	-		-		-				-		-		-		-		-		-			
1148	E	-		-		-		E	-		-		-				E	-		-		-		E	-		-		-				-		-		-		-		-		-			
1149	T	-		-		-		T	-		-		-				T	-		-		-		T	-		-		-				-		-		-		-		-		-			
1150	P	-		-		-		P	-		-		-				P	-		-		-		P	-		-		-				-		-		-		-		-		-			
1151	D	-		-		-		D	-		-		-				D	-		-		-		D	-		-		-				-		-		-		-		-		-			
1152	D	-		-		-		D	-		-		-				D	-		-		-		D	-		-		-				-		-		-		-		-		-			
1153	L	-		-		-		L	-		-		-				L	-		-		-		L	-		-		-				-		-		-		-		-		-			
1154	L	-		-		-		L	-		p>=0.05		p>=0.05				L	-		-		-		L	-		p>=0.05		p>=0.05				-		-		-		-		p>=0.05		p>=0.05			
1155	D	-		-		-		D	p>=0.05		p>=0.05		p>=0.05				D	-		-		-		D	p>=0.05		p>=0.05		p>=0.05				-		-		-		p>=0.05		p>=0.05		p>=0.05			
1156	D	-		-		-		D	p>=0.05		p>=0.05		p>=0.05				D	-		-		-		D	p>=0.05		p>=0.05		p>=0.05				-		-		-		p>=0.05		p>=0.05		p>=0.05			
1157	G	-		-		-		G	-		p>=0.05		p>=0.05				G	-		-		-		G	-		p>=0.05		p>=0.05				-		-		-		-		p>=0.05		p>=0.05			
1158	E	p>=0.05		p>=0.05		p>=0.05		E	-		-		-				E	-		-		-		E	p>=0.05		p>=0.05		p>=0.05				p>=0.05		p>=0.05		p>=0.05		p>=0.05		p>=0.05		p>=0.05			
1159	I	-		p>=0.05		p>=0.05		I	-		-		-				I	-		-		-		I	-		p>=0.05		p>=0.05				-		p>=0.05		p>=0.05		-		p>=0.05		p>=0.05			
1160	K	-		-		-		K	-		-		-				K	-		-		-		K	-		-		-				-		-		-		-		-		-			
1161	E	-		-		-		E	-		-		-				E	-		-		-		E	-		-		-				-		-		-		-		-		-			
1162	D	-		-		-		D	-		-		-				D	-		-		-		D	-		-		-				-		-		-		-		-		-			
1163	T	-		-		-		T	-		-		-				T	-		-		-		T	-		-		-				-		-		-		-		-		-			
1164	S	-		-		-		S	-		-		-				S	-		-		-		S	-		-		-				-		-		-		-		-		-			
1165	F	-		-		-		F	-		p>=0.05		p>=0.05				F	-		p>=0.05		p>=0.05		F	-		-		-				-		p>=0.05		p>=0.05		-		p>=0.05		p>=0.05			
1166	A	-		-		-		A	p>=0.05		p>=0.05		p>=0.05				A	p>=0.05		p>=0.05		p>=0.05		A	-		-		-				p>=0.05		p>=0.05		p>=0.05		p>=0.05		p>=0.05		p>=0.05			
1167	E	-		-		-		E	-		p>=0.05		p>=0.05				E	-		p>=0.05		p>=0.05		E	-		-		-				-		p>=0.05		p>=0.05		-		p>=0.05		p>=0.05			
1168	N	-		-		-		N	-		p>=0.05		p>=0.05				N	-		p>=0.05		p>=0.05		N	-		-		-				-		p>=0.05		p>=0.05		-		p>=0.05		p>=0.05			
1169	D	-		-		-		D	-		-		-				D	-		-		-		D	-		-		-				-		-		-		-		-		-			
1170	I	-		-		-		I	-		-		-				I	-		-		-		I	-		-		-				-		-		-		-		-		-			
1171	K	-		-		-		K	-		-		-				K	-		-		-		K	-		-		-				-		-		-		-		-		-			
1172	E	-		-		-		E	-		-		-				E	-		-		-		E	-		-		-				-		-		-		-		-		-			
1173	S	-		-		-		S	-		-		-				S	-		-		-		S	-		-		-				-		-		-		-		-		-			
1174	S	-		-		-		S	-		-		-				S	-		-		-		S	-		-		-				-		-		-		-		-		-			
1175	A	-		-		-		A	-		-		-				A	-		-		-		A	-		-		-				-		-		-		-		-		-			
1176	V	-		-		-		V	-		-		-				V	-		-		-		V	-		-		-				-		-		-		-		-		-			
1177	F	-		-		-		F	-		-		-				F	-		-		-		F	-		-		-				-		-		-		-		-		-			
1178	S	-		-		-		S	-		-		-				S	-		-		-		S	-		-		-				-		-		-		-		-		-			
1179	K	-		-		-		K	-		-		-				K	-		-		-		K	-		-		-				-		-		-		-		-		-			
1180	S	-		-		-		S	-		-		-				S	-		-		-		S	-		-		-				-		-		-		-		-		-			
1181	V	-		-		-		V	-		-		-				V	-		-		-		V	-		-		-				-		-		-		-		-		-			
1182	Q	-		-		-		Q	-		-		-				Q	-		-		-		Q	-		-		-				-		-		-		-		-		-			
1183	K	-		-		-		K	-		-		-				K	-		-		-		K	-		-		-				-		-		-		-		-		-			
1184	G	-		-		-		G	-		-		-				G	-		-		-		G	-		-		-				-		-		-		-		-		-			
1185	E	-		-		-		E	-		-		-				E	-		-		-		E	-		-		-				-		-		-		-		-		-			
1186	L	-		p>=0.05		p>=0.05		L	-		-		-				L	-		-		-		L	-		p>=0.05		p>=0.05				-		p>=0.05		p>=0.05		-		p>=0.05		p>=0.05			
1187	S	p>=0.05		p>=0.05		p>=0.05		S	-		-		-				S	-		-		-		S	p>=0.05		p>=0.05		p>=0.05				p>=0.05		p>=0.05		p>=0.05		p>=0.05		p>=0.05		p>=0.05			
1188	R	p>=0.05		p>=0.05		p>=0.05		R	-		-		-				R	-		-		-		R	p>=0.05		p>=0.05		p>=0.05				p>=0.05		p>=0.05		p>=0.05		p>=0.05		p>=0.05		p>=0.05			
1189	S	-		p>=0.05		p>=0.05		S	-		-		-				S	-		-		-		S	-		p>=0.05		p>=0.05				-		p>=0.05		p>=0.05		-		p>=0.05		p>=0.05			
1190	P	-		-		-		P	-		-		-				P	-		-		-		P	-		-		-				-		-		-		-		-		-			
1191	S	-		-		-		S	-		p>=0.05		p>=0.05				S	-		-		-		S	-		p>=0.05		p>=0.05				-		-		-		-		p>=0.05		p>=0.05			
1192	P	-		-		-		P	p>=0.05		p>=0.05		p>=0.05				P	-		-		-		P	p>=0.05		p>=0.05		p>=0.05				-		-		-		p>=0.05		p>=0.05		p>=0.05			
1193	F	-		-		-		F	-		p>=0.05		p>=0.05				F	-		p>=0.05		p>=0.05		F	-		-		-				-		p>=0.05		p>=0.05		-		p>=0.05		p>=0.05			
1194	T	-		-		-		T	p>=0.05		p>=0.05		p>=0.05				T	p>=0.05		p>=0.05		p>=0.05		T	-		-		-				p>=0.05		p>=0.05		p>=0.05		p>=0.05		p>=0.05		p>=0.05			
1195	H	-		-		-		H	p>=0.05		p>=0.05		p>=0.05				H	p>=0.05		p>=0.05		p>=0.05		H	-		-		-				p>=0.05		p>=0.05		p>=0.05		p>=0.05		p>=0.05		p>=0.05			
1196	T	-		-		-		T	p>=0.05		p>=0.05		p>=0.05				T	-		p>=0.05		p>=0.05		T	p>=0.05		-		p>=0.05				-		p>=0.05		p>=0.05		p>=0.05		p>=0.05		p>=0.05			
1197	H	-		-		-		H	-		p>=0.05		p>=0.05				H	-		-		-		H	-		p>=0.05		p>=0.05				-		-		-		-		p>=0.05		p>=0.05			
1198	L	-		-		-		L	-		-		-				L	-		-		-		L	-		-		-				-		-		-		-		-		-			
1199	A	-		-		-		A	-		-		-				A	-		-		-		A	-		-		-				-		-		-		-		-		-			
1200	Q	-		p>=0.05		p>=0.05		Q	-		-		-				Q	-		p>=0.05		p>=0.05		Q	-		-		-				-		p>=0.05		p>=0.05		-		-		-			
1201	G	p>=0.05		p>=0.05		p>=0.05		G	-		-		-				G	p>=0.05		p>=0.05		p>=0.05		G	-		-		-				p>=0.05		p>=0.05		p>=0.05		-		-		-			
1202	Y	-		p>=0.05		p>=0.05		Y	-		-		-				Y	-		p>=0.05		p>=0.05		Y	-		-		-				-		p>=0.05		p>=0.05		-		-		-			
1203	R	-		-		-		R	-		-		-				R	-		-		-		R	-		-		-				-		-		-		-		-		-			
1204	R	-		-		-		R	-		-		-				R	-		-		-		R	-		-		-				-		-		-		-		-		-			
1205	G	-		-		-		G	-		-		-				G	-		-		-		G	-		-		-				-		-		-		-		-		-			
1206	A	-		-		-		A	-		-		-				A	-		-		-		A	-		-		-				-		-		-		-		-		-			
1207	K	-		-		-		K	-		-		-				K	-		-		-		K	-		-		-				-		-		-		-		-		-			
1208	K	-		-		-		K	-		-		-				K	-		-		-		K	-		-		-				-		-		-		-		-		-			
1209	L	-		-		-		L	-		-		-				L	-		-		-		L	-		-		-				-		-		-		-		-		-			
1210	E	-		-		-		E	-		-		-				E	-		-		-		E	-		-		-				-		-		-		-		-		-			
1211	S	-		-		-		S	-		-		-				S	-		-		-		S	-		-		-				-		-		-		-		-		-			
1212	S	-		-		-		S	-		p>=0.05		p>=0.05				S	-		-		-		S	-		p<0.05	13.0	p<0.05	13.0		Neg	-		-		-		-		p<0.05	6.0	p<0.05	14.0		Neg
1213	E	-		-		-		E	p>=0.05		p>=0.05		p>=0.05				E	-		-		-		E	p>=0.05		p<0.05	13.0	p<0.05	13.0		Neg	-		-		-		p<0.05	32.0	p<0.05	6.0	p<0.05	14.0	Neg	Neg
1214	E	-		-		-		E	-		p>=0.05		p>=0.05				E	-		-		-		E	-		p<0.05	13.0	p<0.05	13.0		Neg	-		-		-		-		p<0.05	6.0	p<0.05	14.0		Neg
1215	N	-		-		-		N	-		-		-				N	-		-		-		N	-		-		-				-		-		-		-		-		-			
1216	L	-		-		-		L	-		-		-				L	-		-		-		L	-		-		-				-		-		-		-		-		-			
1217	S	-		-		-		S	-		-		-				S	-		-		-		S	-		-		-				-		-		-		-		-		-			
1218	S	-		-		-		S	-		-		-				S	-		-		-		S	-		-		-				-		-		-		-		-		-			
1219	E	-		-		-		E	-		-		-				E	-		-		-		E	-		-		-				-		-		-		-		-		-			
1220	D	-		-		-		D	-		-		-				D	-		-		-		D	-		-		-				-		-		-		-		-		-			
1221	E	-		-		-		E	-		-		-				E	-		-		-		E	-		-		-				-		-		-		-		-		-			
1222	E	-		-		-		E	-		-		-				E	-		-		-		E	-		-		-				-		-		-		-		-		-			
1223	L	-		-		-		L	-		-		-				L	-		-		-		L	-		-		-				-		-		-		-		-		-			
1224	P	-		-		-		P	-		-		-				P	-		-		-		P	-		-		-				-		-		-		-		-		-			
1225	C	-		-		-		C	-		-		-				C	-		-		-		C	-		-		-				-		-		-		-		-		-			
1226	F	-		-		-		F	-		-		-				F	-		-		-		F	-		-		-				-		-		-		-		-		-			
1227	Q	-		-		-		Q	-		-		-				Q	-		-		-		Q	-		-		-				-		-		-		-		-		-			
1228	H	-		-		-		H	-		-		-				H	-		-		-		H	-		-		-				-		-		-		-		-		-			
1229	L	-		-		-		L	-		-		-				L	-		-		-		L	-		-		-				-		-		-		-		-		-			
1230	L	-		-		-		L	-		-		-				L	-		-		-		L	-		-		-				-		-		-		-		-		-			
1231	F	-		-		-		F	-		p>=0.05		p>=0.05				F	-		-		-		F	-		p>=0.05		p>=0.05				-		-		-		-		p>=0.05		p>=0.05			
1232	G	-		-		-		G	p>=0.05		p>=0.05		p>=0.05				G	-		-		-		G	p>=0.05		p>=0.05		p>=0.05				-		-		-		p>=0.05		p>=0.05		p>=0.05			
1233	K	-		-		-		K	-		p>=0.05		p>=0.05				K	-		-		-		K	-		p>=0.05		p>=0.05				-		-		-		-		p>=0.05		p>=0.05			
1234	V	-		-		-		V	-		-		-				V	-		-		-		V	-		-		-				-		-		-		-		-		-			
1235	N	-		-		-		N	-		-		-				N	-		-		-		N	-		-		-				-		-		-		-		-		-			
1236	N	-		-		-		N	-		-		-				N	-		-		-		N	-		-		-				-		-		-		-		-		-			
1237	I	-		-		-		I	-		p>=0.05		p>=0.05				I	-		-		-		I	-		p>=0.05		p>=0.05				-		-		-		-		p>=0.05		p>=0.05			
1238	P	-		-		-		P	p>=0.05		p>=0.05		p>=0.05				P	-		-		-		P	p>=0.05		p>=0.05		p>=0.05				-		-		-		p>=0.05		p>=0.05		p>=0.05			
1239	S	-		-		-		S	-		p>=0.05		p>=0.05				S	-		-		-		S	-		p>=0.05		p>=0.05				-		-		-		-		p>=0.05		p>=0.05			
1240	Q	-		-		-		Q	-		-		-				Q	-		-		-		Q	-		-		-				-		-		-		-		-		-			
1241	S	-		-		-		S	-		-		-				S	-		-		-		S	-		-		-				-		-		-		-		-		-			
1242	T	-		-		-		T	-		p>=0.05		p>=0.05				T	-		p<0.05	29.0	p<0.05	29.0	T	-		-		-			Pos	-		p>=0.05		p>=0.05		-		p>=0.05		p>=0.05			
1243	R	-		-		-		R	p>=0.05		p>=0.05		p>=0.05				R	p>=0.05		p<0.05	29.0	p<0.05	29.0	R	-		-		-			Pos	p>=0.05		p>=0.05		p>=0.05		p>=0.05		p>=0.05		p>=0.05			
1244	H	-		-		-		H	-		p>=0.05		p>=0.05				H	-		p<0.05	29.0	p<0.05	29.0	H	-		-		-			Pos	-		p>=0.05		p>=0.05		-		p>=0.05		p>=0.05			
1245	S	-		-		-		S	-		-		-				S	-		-		-		S	-		-		-				-		-		-		-		-		-			
1246	T	-		-		-		T	-		-		-				T	-		-		-		T	-		-		-				-		-		-		-		-		-			
1247	V	-		-		-		V	-		-		-				V	-		-		-		V	-		-		-				-		-		-		-		-		-			
1248	A	-		-		-		A	-		-		-				A	-		-		-		A	-		-		-				-		-		-		-		-		-			
1249	T	-		-		-		T	-		-		-				T	-		-		-		T	-		-		-				-		-		-		-		-		-			
1250	E	-		-		-		E	-		p<0.05	9.0	p<0.05	9.0		Neg	E	-		-		-		E	-		p<0.05	27.0	p<0.05	27.0		Neg	-		-		-		-		p<0.05	32.0	p<0.05	8.0		Neg
1251	C	-		-		-		C	p<0.05	3.0	p<0.05	9.0	p<0.05	9.0	Neg	Neg	C	-		-		-		C	p<0.05	4.0	p<0.05	27.0	p<0.05	27.0	Neg	Neg	-		-		-		p<0.05	9.0	p<0.05	32.0	p<0.05	8.0	Neg	Neg
1252	L	-		-		-		L	-		p<0.05	9.0	p<0.05	9.0		Neg	L	-		-		-		L	-		p<0.05	27.0	p<0.05	27.0		Neg	-		-		-		-		p<0.05	32.0	p<0.05	8.0		Neg
1253	S	-		-		-		S	-		-		-				S	-		-		-		S	-		-		-				-		-		-		-		-		-			
1254	K	-		-		-		K	-		-		-				K	-		-		-		K	-		-		-				-		-		-		-		-		-			
1255	N	-		-		-		N	-		-		-				N	-		-		-		N	-		-		-				-		-		-		-		-		-			
1256	T	-		-		-		T	-		-		-				T	-		-		-		T	-		-		-				-		-		-		-		-		-			
1257	E	-		-		-		E	-		-		-				E	-		-		-		E	-		-		-				-		-		-		-		-		-			
1258	E	-		-		-		E	-		-		-				E	-		-		-		E	-		-		-				-		-		-		-		-		-			
1259	N	-		-		-		N	-		-		-				N	-		-		-		N	-		-		-				-		-		-		-		-		-			
1260	L	-		-		-		L	-		-		-				L	-		-		-		L	-		-		-				-		-		-		-		-		-			
1261	L	-		-		-		L	-		-		-				L	-		-		-		L	-		-		-				-		-		-		-		-		-			
1262	S	-		-		-		S	-		-		-				S	-		-		-		S	-		-		-				-		-		-		-		-		-			
1263	L	-		-		-		L	-		-		-				L	-		-		-		L	-		-		-				-		-		-		-		-		-			
1264	K	-		-		-		K	-		-		-				K	-		-		-		K	-		-		-				-		-		-		-		-		-			
1265	N	-		-		-		N	-		-		-				N	-		-		-		N	-		-		-				-		-		-		-		-		-			
1266	S	-		-		-		S	-		-		-				S	-		-		-		S	-		-		-				-		-		-		-		-		-			
1267	L	-		-		-		L	-		-		-				L	-		-		-		L	-		-		-				-		-		-		-		-		-			
1268	N	-		-		-		N	-		-		-				N	-		-		-		N	-		-		-				-		-		-		-		-		-			
1269	D	-		-		-		D	-		-		-				D	-		-		-		D	-		-		-				-		-		-		-		-		-			
1270	C	-		-		-		C	-		-		-				C	-		-		-		C	-		-		-				-		-		-		-		-		-			
1271	S	-		-		-		S	-		-		-				S	-		-		-		S	-		-		-				-		-		-		-		-		-			
1272	N	-		-		-		N	-		-		-				N	-		-		-		N	-		-		-				-		-		-		-		-		-			
1273	Q	-		-		-		Q	-		-		-				Q	-		-		-		Q	-		-		-				-		-		-		-		-		-			
1274	V	-		-		-		V	-		-		-				V	-		-		-		V	-		-		-				-		-		-		-		-		-			
1275	I	-		-		-		I	-		-		-				I	-		-		-		I	-		-		-				-		-		-		-		-		-			
1276	L	-		-		-		L	-		-		-				L	-		-		-		L	-		-		-				-		-		-		-		-		-			
1277	A	-		-		-		A	-		-		-				A	-		-		-		A	-		-		-				-		-		-		-		-		-			
1278	K	-		p>=0.05		p>=0.05		K	-		-		-				K	-		p>=0.05		p>=0.05		K	-		-		-				-		p>=0.05		p>=0.05		-		-		-			
1279	A	p>=0.05		p>=0.05		p>=0.05		A	-		-		-				A	p>=0.05		p>=0.05		p>=0.05		A	-		-		-				p>=0.05		p>=0.05		p>=0.05		-		-		-			
1280	S	-		p>=0.05		p>=0.05		S	-		-		-				S	-		p>=0.05		p>=0.05		S	-		-		-				-		p>=0.05		p>=0.05		-		-		-			
1281	Q	-		-		-		Q	-		-		-				Q	-		-		-		Q	-		-		-				-		-		-		-		-		-			
1282	E	-		-		-		E	-		p<0.05	3.0	p<0.05	3.0		Neg	E	-		-		-		E	-		p<0.05	6.0	p<0.05	6.0		Neg	-		-		-		-		p<0.05	5.0	p<0.05	11.0		Neg
1283	H	-		-		-		H	p<0.05	11.0	p<0.05	3.0	p<0.05	3.0	Neg	Neg	H	-		-		-		H	p<0.05	8.0	p<0.05	6.0	p<0.05	6.0	Neg	Neg	-		-		-		p<0.05	11.0	p<0.05	5.0	p<0.05	11.0	Neg	Neg
1284	H	-		-		-		H	-		p<0.05	3.0	p<0.05	3.0		Neg	H	-		-		-		H	-		p<0.05	6.0	p<0.05	6.0		Neg	-		-		-		-		p<0.05	5.0	p<0.05	11.0		Neg
1285	L	-		-		-		L	-		-		-				L	-		-		-		L	-		-		-				-		-		-		-		-		-			
1286	S	-		-		-		S	-		-		-				S	-		-		-		S	-		-		-				-		-		-		-		-		-			
1287	E	-		-		-		E	-		-		-				E	-		-		-		E	-		-		-				-		-		-		-		-		-			
1288	E	-		-		-		E	-		-		-				E	-		-		-		E	-		-		-				-		-		-		-		-		-			
1289	T	-		-		-		T	-		-		-				T	-		-		-		T	-		-		-				-		-		-		-		-		-			
1290	K	-		p>=0.05		p>=0.05		K	-		-		-				K	-		p<0.05	6.0	p<0.05	6.0	K	-		-		-			Pos	-		p<0.05	5.0	p<0.05	12.0	-		-		-			Pos
1291	C	p>=0.05		p>=0.05		p>=0.05		C	-		-		-				C	p>=0.05		p<0.05	6.0	p<0.05	6.0	C	-		-		-			Pos	p<0.05	40.0	p<0.05	5.0	p<0.05	12.0	-		-		-		Pos	Pos
1292	S	-		p>=0.05		p>=0.05		S	-		-		-				S	-		p<0.05	6.0	p<0.05	6.0	S	-		-		-			Pos	-		p<0.05	5.0	p<0.05	12.0	-		-		-			Pos
1293	A	-		-		-		A	-		-		-				A	-		-		-		A	-		-		-				-		-		-		-		-		-			
1294	S	-		-		-		S	-		-		-				S	-		-		-		S	-		-		-				-		-		-		-		-		-			
1295	L	-		-		-		L	-		-		-				L	-		-		-		L	-		-		-				-		-		-		-		-		-			
1296	F	-		-		-		F	-		-		-				F	-		-		-		F	-		-		-				-		-		-		-		-		-			
1297	S	-		-		-		S	-		-		-				S	-		-		-		S	-		-		-				-		-		-		-		-		-			
1298	S	-		-		-		S	-		-		-				S	-		-		-		S	-		-		-				-		-		-		-		-		-			
1299	Q	-		-		-		Q	-		-		-				Q	-		-		-		Q	-		-		-				-		-		-		-		-		-			
1300	C	-		-		-		C	-		-		-				C	-		-		-		C	-		-		-				-		-		-		-		-		-			
1301	S	-		-		-		S	-		-		-				S	-		-		-		S	-		-		-				-		-		-		-		-		-			
1302	E	-		-		-		E	-		-		-				E	-		-		-		E	-		-		-				-		-		-		-		-		-			
1303	L	-		-		-		L	-		-		-				L	-		-		-		L	-		-		-				-		-		-		-		-		-			
1304	E	-		-		-		E	-		-		-				E	-		-		-		E	-		-		-				-		-		-		-		-		-			
1305	D	-		-		-		D	-		-		-				D	-		-		-		D	-		-		-				-		-		-		-		-		-			
1306	L	-		p<0.05	20.0	p<0.05	20.0	L	-		-		-			Pos	L	-		p>=0.05		p>=0.05		L	-		-		-				-		p<0.05	27.0	p<0.05	14.0	-		-		-			Pos
1307	T	p>=0.05		p<0.05	20.0	p<0.05	20.0	T	-		-		-			Pos	T	p>=0.05		p>=0.05		p>=0.05		T	-		-		-				p<0.05	19.0	p<0.05	27.0	p<0.05	14.0	-		-		-		Pos	Pos
1308	A	p>=0.05		p<0.05	20.0	p<0.05	20.0	A	-		-		-			Pos	A	p>=0.05		p>=0.05		p>=0.05		A	-		-		-				p<0.05	19.0	p<0.05	27.0	p<0.05	14.0	-		-		-		Pos	Pos
1309	N	-		p<0.05	20.0	p<0.05	20.0	N	-		-		-			Pos	N	-		p>=0.05		p>=0.05		N	-		-		-				-		p<0.05	27.0	p<0.05	14.0	-		-		-			Pos
1310	T	-		-		-		T	-		-		-				T	-		-		-		T	-		-		-				-		-		-		-		-		-			
1311	N	-		-		-		N	-		-		-				N	-		-		-		N	-		-		-				-		-		-		-		-		-			
1312	T	-		-		-		T	-		-		-				T	-		-		-		T	-		-		-				-		-		-		-		-		-			
1313	Q	-		-		-		Q	-		-		-				Q	-		-		-		Q	-		-		-				-		-		-		-		-		-			
1314	D	-		-		-		D	-		-		-				D	-		-		-		D	-		-		-				-		-		-		-		-		-			
1315	P	-		-		-		P	-		-		-				P	-		-		-		P	-		-		-				-		-		-		-		-		-			
1316	F	-		-		-		F	-		-		-				F	-		-		-		F	-		-		-				-		-		-		-		-		-			
1317	L	-		-		-		L	-		-		-				L	-		-		-		L	-		-		-				-		-		-		-		-		-			
1318	I	-		p<0.05	19.0	p<0.05	19.0	I	-		-		-			Pos	I	-		p<0.05	7.0	p<0.05	7.0	I	-		-		-			Pos	-		p<0.05	37.0	p<0.05	39.0	-		-		-			Pos
1319	G	p>=0.05		p>=0.05		p>=0.05		G	-		-		-				G	p>=0.05		p<0.05	7.0	p<0.05	7.0	G	-		-		-			Pos	p<0.05	17.0	p<0.05	37.0	p<0.05	39.0	-		-		-		Pos	Pos
1320	S	-		p>=0.05		p>=0.05		S	p>=0.05		-		p>=0.05				S	p>=0.05		p<0.05	7.0	p<0.05	7.0	S	-		-		-			Pos	p>=0.05		p<0.05	37.0	p<0.05	39.0	p>=0.05		-		p>=0.05			Pos
1321	S	-		-		-		S	-		p>=0.05		p>=0.05				S	-		p<0.05	7.0	p<0.05	7.0	S	-		-		-			Pos	-		p>=0.05		p>=0.05		-		p>=0.05		p>=0.05			
1322	K	-		-		-		K	-		-		-				K	-		-		-		K	-		-		-				-		-		-		-		-		-			
1323	Q	-		-		-		Q	-		-		-				Q	-		-		-		Q	-		-		-				-		-		-		-		-		-			
1324	M	-		-		-		M	-		-		-				M	-		-		-		M	-		-		-				-		-		-		-		-		-			
1325	R	-		-		-		R	-		-		-				R	-		-		-		R	-		-		-				-		-		-		-		-		-			
1326	H	-		-		-		H	-		-		-				H	-		-		-		H	-		-		-				-		-		-		-		-		-			
1327	Q	-		-		-		Q	-		p>=0.05		p>=0.05				Q	-		-		-		Q	-		p>=0.05		p>=0.05				-		-		-		-		p>=0.05		p>=0.05			
1328	S	-		-		-		S	p>=0.05		p>=0.05		p>=0.05				S	-		-		-		S	p>=0.05		p>=0.05		p>=0.05				-		-		-		p>=0.05		p>=0.05		p>=0.05			
1329	E	-		-		-		E	-		p>=0.05		p>=0.05				E	-		-		-		E	-		p>=0.05		p>=0.05				-		-		-		-		p>=0.05		p>=0.05			
1330	S	-		-		-		S	-		-		-				S	-		-		-		S	-		-		-				-		-		-		-		-		-			
1331	Q	-		-		-		Q	-		-		-				Q	-		-		-		Q	-		-		-				-		-		-		-		-		-			
1332	G	-		-		-		G	-		-		-				G	-		-		-		G	-		-		-				-		-		-		-		-		-			
1333	V	-		-		-		V	-		-		-				V	-		-		-		V	-		-		-				-		-		-		-		-		-			
1334	G	-		-		-		G	-		-		-				G	-		-		-		G	-		-		-				-		-		-		-		-		-			
1335	L	-		-		-		L	-		p>=0.05		p>=0.05				L	-		-		-		L	-		p<0.05	15.0	p<0.05	15.0		Neg	-		-		-		-		p<0.05	17.0	p<0.05	18.0		Neg
1336	S	-		-		-		S	p>=0.05		p>=0.05		p>=0.05				S	-		-		-		S	p>=0.05		p<0.05	15.0	p<0.05	15.0		Neg	-		-		-		p<0.05	7.0	p<0.05	17.0	p<0.05	18.0	Neg	Neg
1337	D	-		-		-		D	p>=0.05		p>=0.05		p>=0.05				D	-		-		-		D	p>=0.05		p<0.05	15.0	p<0.05	15.0		Neg	-		-		-		p<0.05	7.0	p<0.05	17.0	p<0.05	18.0	Neg	Neg
1338	K	-		-		-		K	-		p>=0.05		p>=0.05				K	-		-		-		K	-		p<0.05	15.0	p<0.05	15.0		Neg	-		-		-		-		p<0.05	17.0	p<0.05	18.0		Neg
1339	E	-		-		-		E	-		-		-				E	-		-		-		E	-		-		-				-		-		-		-		-		-			
1340	L	-		-		-		L	-		-		-				L	-		-		-		L	-		-		-				-		-		-		-		-		-			
1341	V	-		p>=0.05		p>=0.05		V	-		-		-				V	-		p<0.05	8.0	p<0.05	8.0	V	-		-		-			Pos	-		p<0.05	15.0	p<0.05	13.0	-		-		-			Pos
1342	S	p>=0.05		p>=0.05		p>=0.05		S	-		-		-				S	p>=0.05		p<0.05	8.0	p<0.05	8.0	S	-		-		-			Pos	p<0.05	8.0	p<0.05	15.0	p<0.05	13.0	-		-		-		Pos	Pos
1343	D	-		p>=0.05		p>=0.05		D	-		-		-				D	-		p<0.05	8.0	p<0.05	8.0	D	-		-		-			Pos	-		p<0.05	15.0	p<0.05	13.0	-		-		-			Pos
1344	D	-		-		-		D	-		-		-				D	-		-		-		D	-		-		-				-		-		-		-		-		-			
1345	E	-		-		-		E	-		-		-				E	-		-		-		E	-		-		-				-		-		-		-		-		-			
1346	E	-		-		-		E	-		-		-				E	-		-		-		E	-		-		-				-		-		-		-		-		-			
1347	R	-		-		-		R	-		-		-				R	-		-		-		R	-		-		-				-		-		-		-		-		-			
1348	G	-		-		-		G	-		-		-				G	-		-		-		G	-		-		-				-		-		-		-		-		-			
1349	T	-		-		-		T	-		-		-				T	-		-		-		T	-		-		-				-		-		-		-		-		-			
1350	G	-		-		-		G	-		-		-				G	-		-		-		G	-		-		-				-		-		-		-		-		-			
1351	L	-		-		-		L	-		-		-				L	-		-		-		L	-		-		-				-		-		-		-		-		-			
1352	E	-		-		-		E	-		-		-				E	-		-		-		E	-		-		-				-		-		-		-		-		-			
1353	E	-		-		-		E	-		-		-				E	-		-		-		E	-		-		-				-		-		-		-		-		-			
1354	N	-		-		-		N	-		-		-				N	-		-		-		N	-		-		-				-		-		-		-		-		-			
1355	N	-		-		-		N	-		-		-				N	-		-		-		N	-		-		-				-		-		-		-		-		-			
1356	Q	-		-		-		Q	-		-		-				Q	-		-		-		Q	-		-		-				-		-		-		-		-		-			
1357	E	-		-		-		E	-		-		-				E	-		-		-		E	-		-		-				-		-		-		-		-		-			
1358	E	-		-		-		E	-		-		-				E	-		-		-		E	-		-		-				-		-		-		-		-		-			
1359	Q	-		-		-		Q	-		-		-				Q	-		-		-		Q	-		-		-				-		-		-		-		-		-			
1360	S	-		-		-		S	-		-		-				S	-		-		-		S	-		-		-				-		-		-		-		-		-			
1361	M	-		-		-		M	-		-		-				M	-		-		-		M	-		-		-				-		-		-		-		-		-			
1362	D	-		p<0.05	5.0	p<0.05	5.0	D	-		-		-			Pos	D	-		-		-		D	-		p>=0.05		p>=0.05				-		p<0.05	11.0	p<0.05	10.0	-		p>=0.05		p>=0.05			Pos
1363	S	p>=0.05		p<0.05	5.0	p<0.05	5.0	S	-		-		-			Pos	S	-		-		-		S	p>=0.05		p>=0.05		p>=0.05				p<0.05	29.0	p<0.05	11.0	p<0.05	10.0	p>=0.05		p>=0.05		p>=0.05		Pos	Pos
1364	N	-		p<0.05	5.0	p<0.05	5.0	N	-		-		-			Pos	N	-		-		-		N	-		p>=0.05		p>=0.05				-		p<0.05	11.0	p<0.05	10.0	-		p>=0.05		p>=0.05			Pos
1365	L	-		-		-		L	-		-		-				L	-		-		-		L	-		-		-				-		-		-		-		-		-			
1366	G	-		-		-		G	-		-		-				G	-		-		-		G	-		-		-				-		-		-		-		-		-			
1367	E	-		-		-		E	-		-		-				E	-		-		-		E	-		-		-				-		-		-		-		-		-			
1368	A	-		-		-		A	-		-		-				A	-		-		-		A	-		-		-				-		-		-		-		-		-			
1369	A	-		-		-		A	-		-		-				A	-		-		-		A	-		-		-				-		-		-		-		-		-			
1370	S	-		-		-		S	-		-		-				S	-		-		-		S	-		-		-				-		-		-		-		-		-			
1371	G	-		-		-		G	-		-		-				G	-		-		-		G	-		-		-				-		-		-		-		-		-			
1372	C	-		-		-		C	-		-		-				C	-		-		-		C	-		-		-				-		-		-		-		-		-			
1373	E	-		-		-		E	-		-		-				E	-		-		-		E	-		-		-				-		-		-		-		-		-			
1374	S	-		-		-		S	-		-		-				S	-		-		-		S	-		-		-				-		-		-		-		-		-			
1375	E	-		-		-		E	-		-		-				E	-		-		-		E	-		-		-				-		-		-		-		-		-			
1376	T	-		-		-		T	-		-		-				T	-		-		-		T	-		-		-				-		-		-		-		-		-			
1377	S	-		-		-		S	-		-		-				S	-		-		-		S	-		-		-				-		-		-		-		-		-			
1378	V	-		-		-		V	-		-		-				V	-		-		-		V	-		-		-				-		-		-		-		-		-			
1379	S	-		-		-		S	-		-		-				S	-		-		-		S	-		-		-				-		-		-		-		-		-			
1380	E	-		-		-		E	-		-		-				E	-		-		-		E	-		-		-				-		-		-		-		-		-			
1381	D	-		-		-		D	-		-		-				D	-		-		-		D	-		-		-				-		-		-		-		-		-			
1382	C	-		-		-		C	-		-		-				C	-		-		-		C	-		-		-				-		-		-		-		-		-			
1383	S	-		-		-		S	-		-		-				S	-		-		-		S	-		-		-				-		-		-		-		-		-			
1384	G	-		-		-		G	-		-		-				G	-		-		-		G	-		-		-				-		-		-		-		-		-			
1385	L	-		-		-		L	-		-		-				L	-		-		-		L	-		-		-				-		-		-		-		-		-			
1386	S	-		-		-		S	-		-		-				S	-		-		-		S	-		-		-				-		-		-		-		-		-			
1387	S	-		-		-		S	-		-		-				S	-		-		-		S	-		-		-				-		-		-		-		-		-			
1388	Q	-		-		-		Q	-		-		-				Q	-		-		-		Q	-		-		-				-		-		-		-		-		-			
1389	S	-		-		-		S	-		-		-				S	-		-		-		S	-		-		-				-		-		-		-		-		-			
1390	D	-		-		-		D	-		-		-				D	-		-		-		D	-		-		-				-		-		-		-		-		-			
1391	I	-		-		-		I	-		-		-				I	-		-		-		I	-		-		-				-		-		-		-		-		-			
1392	L	-		-		-		L	-		-		-				L	-		-		-		L	-		-		-				-		-		-		-		-		-			
1393	T	-		-		-		T	-		-		-				T	-		-		-		T	-		-		-				-		-		-		-		-		-			
1394	T	-		-		-		T	-		-		-				T	-		-		-		T	-		-		-				-		-		-		-		-		-			
1395	Q	-		-		-		Q	-		-		-				Q	-		-		-		Q	-		-		-				-		-		-		-		-		-			
1396	Q	-		-		-		Q	-		-		-				Q	-		-		-		Q	-		-		-				-		-		-		-		-		-			
1397	R	-		-		-		R	-		-		-				R	-		-		-		R	-		-		-				-		-		-		-		-		-			
1398	D	-		-		-		D	-		-		-				D	-		-		-		D	-		-		-				-		-		-		-		-		-			
1399	T	-		-		-		T	-		-		-				T	-		-		-		T	-		-		-				-		-		-		-		-		-			
1400	M	-		-		-		M	-		-		-				M	-		-		-		M	-		-		-				-		-		-		-		-		-			
1401	Q	-		-		-		Q	-		-		-				Q	-		-		-		Q	-		-		-				-		-		-		-		-		-			
1402	H	-		-		-		H	-		-		-				H	-		-		-		H	-		-		-				-		-		-		-		-		-			
1403	N	-		-		-		N	-		-		-				N	-		-		-		N	-		-		-				-		-		-		-		-		-			
1404	L	-		p<0.05	12.0	p<0.05	12.0	L	-		-		-			Pos	L	-		p>=0.05		p>=0.05		L	-		-		-				-		p<0.05	14.0	p<0.05	22.0	-		-		-			Pos
1405	I	-		p<0.05	12.0	p<0.05	12.0	I	-		-		-			Pos	I	-		p>=0.05		p>=0.05		I	-		-		-				-		p<0.05	14.0	p<0.05	22.0	-		-		-			Pos
1406	K	-		p<0.05	12.0	p<0.05	12.0	K	-		-		-			Pos	K	-		p>=0.05		p>=0.05		K	-		-		-				-		p<0.05	14.0	p<0.05	22.0	-		-		-			Pos
1407	L	p>=0.05		p>=0.05		p>=0.05		L	-		-		-				L	p>=0.05		-		p>=0.05		L	-		p>=0.05		p>=0.05				p<0.05	16.0	p>=0.05		p<0.05	22.0	-		p>=0.05		p>=0.05		Pos	
1408	Q	-		p>=0.05		p>=0.05		Q	-		-		-				Q	-		-		-		Q	-		p>=0.05		p>=0.05				-		p>=0.05		p>=0.05		-		p>=0.05		p>=0.05			
1409	Q	-		p>=0.05		p>=0.05		Q	-		-		-				Q	-		-		-		Q	-		p>=0.05		p>=0.05				-		p>=0.05		p>=0.05		-		p>=0.05		p>=0.05			
1410	E	-		-		-		E	p>=0.05		p>=0.05		p>=0.05				E	-		-		-		E	p>=0.05		p>=0.05		p>=0.05				-		-		-		p>=0.05		p>=0.05		p>=0.05			
1411	M	-		-		-		M	-		p>=0.05		p>=0.05				M	-		-		-		M	-		p>=0.05		p>=0.05				-		-		-		-		p>=0.05		p>=0.05			
1412	A	-		-		-		A	-		p>=0.05		p>=0.05				A	-		-		-		A	-		p>=0.05		p>=0.05				-		-		-		-		p>=0.05		p>=0.05			
1413	E	-		-		-		E	p>=0.05		p>=0.05		p>=0.05				E	-		-		-		E	p>=0.05		p>=0.05		p>=0.05				-		-		-		p>=0.05		p>=0.05		p>=0.05			
1414	L	-		p>=0.05		p>=0.05		L	-		-		-				L	-		-		-		L	-		p>=0.05		p>=0.05				-		p>=0.05		p>=0.05		-		p>=0.05		p>=0.05			
1415	E	-		p>=0.05		p>=0.05		E	-		-		-				E	-		-		-		E	-		p>=0.05		p>=0.05				-		p>=0.05		p>=0.05		-		p>=0.05		p>=0.05			
1416	A	p>=0.05		p>=0.05		p>=0.05		A	-		-		-				A	p>=0.05		-		p>=0.05		A	-		p>=0.05		p>=0.05				p>=0.05		p>=0.05		p>=0.05		-		p>=0.05		p>=0.05			
1417	V	-		p<0.05	8.0	p<0.05	8.0	V	-		-		-			Pos	V	-		p>=0.05		p>=0.05		V	-		-		-				-		p>=0.05		p>=0.05		-		-		-			
1418	L	-		p<0.05	8.0	p<0.05	8.0	L	-		-		-			Pos	L	-		p>=0.05		p>=0.05		L	-		-		-				-		p>=0.05		p>=0.05		-		-		-			
1419	E	-		p<0.05	8.0	p<0.05	8.0	E	-		-		-			Pos	E	-		p>=0.05		p>=0.05		E	-		-		-				-		p>=0.05		p>=0.05		-		-		-			
1420	Q	-		-		-		Q	-		-		-				Q	-		-		-		Q	-		-		-				-		-		-		-		-		-			
1421	H	-		-		-		H	-		-		-				H	-		-		-		H	-		-		-				-		-		-		-		-		-			
1422	G	-		-		-		G	-		-		-				G	-		-		-		G	-		-		-				-		-		-		-		-		-			
1423	S	-		-		-		S	-		-		-				S	-		-		-		S	-		-		-				-		-		-		-		-		-			
1424	Q	-		-		-		Q	-		-		-				Q	-		-		-		Q	-		-		-				-		-		-		-		-		-			
1425	P	-		-		-		P	-		-		-				P	-		-		-		P	-		-		-				-		-		-		-		-		-			
1426	S	-		-		-		S	-		-		-				S	-		-		-		S	-		-		-				-		-		-		-		-		-			
1427	N	-		-		-		N	-		-		-				N	-		-		-		N	-		-		-				-		-		-		-		-		-			
1428	S	-		-		-		S	-		-		-				S	-		-		-		S	-		-		-				-		-		-		-		-		-			
1429	Y	-		-		-		Y	-		-		-				Y	-		-		-		Y	-		-		-				-		-		-		-		-		-			
1430	P	-		-		-		P	-		-		-				P	-		-		-		P	-		-		-				-		-		-		-		-		-			
1431	S	-		-		-		S	-		-		-				S	-		-		-		S	-		-		-				-		-		-		-		-		-			
1432	I	-		-		-		I	-		-		-				I	-		-		-		I	-		-		-				-		-		-		-		-		-			
1433	I	-		-		-		I	-		-		-				I	-		-		-		I	-		-		-				-		-		-		-		-		-			
1434	S	-		p>=0.05		p>=0.05		S	-		-		-				S	-		p>=0.05		p>=0.05		S	-		-		-				-		p>=0.05		p>=0.05		-		-		-			
1435	D	p>=0.05		p>=0.05		p>=0.05		D	-		-		-				D	p>=0.05		p>=0.05		p>=0.05		D	-		-		-				p>=0.05		p>=0.05		p>=0.05		-		-		-			
1436	S	-		p>=0.05		p>=0.05		S	-		-		-				S	-		p>=0.05		p>=0.05		S	-		-		-				-		p>=0.05		p>=0.05		-		-		-			
1437	S	-		p>=0.05		p>=0.05		S	-		-		-				S	-		p<0.05	9.0	p<0.05	9.0	S	-		-		-			Pos	-		p<0.05	33.0	p<0.05	35.0	-		-		-			Pos
1438	A	p>=0.05		p>=0.05		p>=0.05		A	-		-		-				A	p>=0.05		p<0.05	9.0	p<0.05	9.0	A	-		-		-			Pos	p<0.05	15.0	p<0.05	33.0	p<0.05	35.0	-		-		-		Pos	Pos
1439	L	-		p>=0.05		p>=0.05		L	-		-		-				L	-		p<0.05	9.0	p<0.05	9.0	L	-		-		-			Pos	-		p<0.05	33.0	p<0.05	35.0	-		-		-			Pos
1440	E	-		-		-		E	-		-		-				E	-		-		-		E	-		-		-				-		-		-		-		-		-			
1441	D	-		-		-		D	-		-		-				D	-		-		-		D	-		-		-				-		-		-		-		-		-			
1442	L	-		p<0.05	13.0	p<0.05	13.0	L	-		-		-			Pos	L	-		-		-		L	-		p>=0.05		p>=0.05				-		p>=0.05		p>=0.05		-		p>=0.05		p>=0.05			
1443	R	p>=0.05		p<0.05	13.0	p<0.05	13.0	R	-		-		-			Pos	R	-		-		-		R	p>=0.05		p>=0.05		p>=0.05				p>=0.05		p>=0.05		p>=0.05		p>=0.05		p>=0.05		p>=0.05			
1444	N	-		p<0.05	13.0	p<0.05	13.0	N	-		-		-			Pos	N	-		-		-		N	-		p>=0.05		p>=0.05				-		p>=0.05		p>=0.05		-		p>=0.05		p>=0.05			
1445	P	-		-		-		P	-		-		-				P	-		-		-		P	-		-		-				-		-		-		-		-		-			
1446	E	-		-		-		E	-		-		-				E	-		-		-		E	-		-		-				-		-		-		-		-		-			
1447	Q	-		-		-		Q	-		p>=0.05		p>=0.05				Q	-		-		-		Q	-		p>=0.05		p>=0.05				-		-		-		-		p>=0.05		p>=0.05			
1448	S	-		-		-		S	p>=0.05		p>=0.05		p>=0.05				S	-		-		-		S	p>=0.05		p>=0.05		p>=0.05				-		-		-		p>=0.05		p>=0.05		p>=0.05			
1449	T	-		-		-		T	-		p>=0.05		p>=0.05				T	-		-		-		T	-		p>=0.05		p>=0.05				-		-		-		-		p>=0.05		p>=0.05			
1450	S	-		p>=0.05		p>=0.05		S	-		-		-				S	-		-		-		S	-		p>=0.05		p>=0.05				-		p>=0.05		p>=0.05		-		p>=0.05		p>=0.05			
1451	E	p>=0.05		p>=0.05		p>=0.05		E	-		-		-				E	-		-		-		E	p>=0.05		p>=0.05		p>=0.05				p>=0.05		p>=0.05		p>=0.05		p>=0.05		p>=0.05		p>=0.05			
1452	K	-		p>=0.05		p>=0.05		K	-		-		-				K	-		-		-		K	-		p>=0.05		p>=0.05				-		p>=0.05		p>=0.05		-		p>=0.05		p>=0.05			
1453	A	-		-		-		A	-		-		-				A	-		-		-		A	-		-		-				-		-		-		-		-		-			
1454	V	-		-		-		V	-		-		-				V	-		-		-		V	-		-		-				-		-		-		-		-		-			
1455	L	-		-		-		L	-		-		-				L	-		-		-		L	-		-		-				-		-		-		-		-		-			
1456	T	-		-		-		T	-		-		-				T	-		-		-		T	-		-		-				-		-		-		-		-		-			
1457	S	-		-		-		S	-		-		-				S	-		-		-		S	-		-		-				-		-		-		-		-		-			
1458	Q	-		-		-		Q	-		-		-				Q	-		-		-		Q	-		-		-				-		-		-		-		-		-			
1459	K	-		-		-		K	-		-		-				K	-		-		-		K	-		-		-				-		-		-		-		-		-			
1460	S	-		-		-		S	-		-		-				S	-		-		-		S	-		-		-				-		-		-		-		-		-			
1461	S	-		-		-		S	-		-		-				S	-		-		-		S	-		-		-				-		-		-		-		-		-			
1462	E	-		-		-		E	-		-		-				E	-		-		-		E	-		-		-				-		-		-		-		-		-			
1463	Y	-		-		-		Y	-		-		-				Y	-		-		-		Y	-		-		-				-		-		-		-		-		-			
1464	P	-		-		-		P	-		-		-				P	-		-		-		P	-		-		-				-		-		-		-		-		-			
1465	I	-		-		-		I	-		-		-				I	-		-		-		I	-		-		-				-		-		-		-		-		-			
1466	S	-		-		-		S	-		-		-				S	-		-		-		S	-		-		-				-		-		-		-		-		-			
1467	Q	-		-		-		Q	-		-		-				Q	-		-		-		Q	-		-		-				-		-		-		-		-		-			
1468	N	-		-		-		N	-		-		-				N	-		-		-		N	-		-		-				-		-		-		-		-		-			
1469	P	-		p>=0.05		p>=0.05		P	-		-		-				P	-		-		-		P	-		p>=0.05		p>=0.05				-		p>=0.05		p>=0.05		-		p>=0.05		p>=0.05			
1470	E	p>=0.05		p>=0.05		p>=0.05		E	-		-		-				E	-		-		-		E	p>=0.05		p>=0.05		p>=0.05				p>=0.05		p>=0.05		p>=0.05		p>=0.05		p>=0.05		p>=0.05			
1471	G	-		p>=0.05		p>=0.05		G	-		-		-				G	-		-		-		G	-		p>=0.05		p>=0.05				-		p>=0.05		p>=0.05		-		p>=0.05		p>=0.05			
1472	L	-		p>=0.05		p>=0.05		L	-		-		-				L	-		-		-		L	-		p>=0.05		p>=0.05				-		p>=0.05		p>=0.05		-		p>=0.05		p>=0.05			
1473	S	p>=0.05		p>=0.05		p>=0.05		S	-		-		-				S	-		p>=0.05		p>=0.05		S	p>=0.05		-		p>=0.05				p>=0.05		p>=0.05		p>=0.05		p>=0.05		-		p>=0.05			
1474	A	-		p>=0.05		p>=0.05		A	p>=0.05		-		p>=0.05				A	p>=0.05		p>=0.05		p>=0.05		A	-		-		-				p>=0.05		p>=0.05		p>=0.05		p>=0.05		-		p>=0.05			
1475	D	-		-		-		D	p>=0.05		p>=0.05		p>=0.05				D	p>=0.05		p<0.05	20.0	p<0.05	20.0	D	-		-		-			Pos	p>=0.05		p>=0.05		p>=0.05		p>=0.05		p>=0.05		p>=0.05			
1476	K	-		-		-		K	-		p>=0.05		p>=0.05				K	-		p<0.05	20.0	p<0.05	20.0	K	-		-		-			Pos	-		p>=0.05		p>=0.05		-		p>=0.05		p>=0.05			
1477	F	-		p>=0.05		p>=0.05		F	-		-		-				F	-		-		-		F	-		p<0.05	25.0	p<0.05	25.0		Neg	-		p>=0.05		p>=0.05		-		p<0.05	23.0	p<0.05	21.0		Neg
1478	E	p>=0.05		p>=0.05		p>=0.05		E	-		-		-				E	-		-		-		E	p<0.05	3.0	p<0.05	25.0	p<0.05	25.0	Neg	Neg	p>=0.05		p>=0.05		p>=0.05		p<0.05	25.0	p<0.05	23.0	p<0.05	21.0	Neg	Neg
1479	V	-		p>=0.05		p>=0.05		V	-		-		-				V	-		-		-		V	-		p<0.05	25.0	p<0.05	25.0		Neg	-		p>=0.05		p>=0.05		-		p<0.05	23.0	p<0.05	21.0		Neg
1480	S	-		-		-		S	-		-		-				S	-		-		-		S	-		-		-				-		-		-		-		-		-			
1481	A	-		-		-		A	-		-		-				A	-		-		-		A	-		-		-				-		-		-		-		-		-			
1482	D	-		-		-		D	-		-		-				D	-		-		-		D	-		-		-				-		-		-		-		-		-			
1483	S	-		-		-		S	-		-		-				S	-		-		-		S	-		-		-				-		-		-		-		-		-			
1484	S	-		-		-		S	-		-		-				S	-		-		-		S	-		-		-				-		-		-		-		-		-			
1485	T	-		-		-		T	-		-		-				T	-		-		-		T	-		-		-				-		-		-		-		-		-			
1486	S	-		-		-		S	-		-		-				S	-		-		-		S	-		-		-				-		-		-		-		-		-			
1487	K	-		-		-		K	-		-		-				K	-		-		-		K	-		-		-				-		-		-		-		-		-			
1488	N	-		-		-		N	-		-		-				N	-		-		-		N	-		-		-				-		-		-		-		-		-			
1489	K	-		-		-		K	-		-		-				K	-		-		-		K	-		-		-				-		-		-		-		-		-			
1490	E	-		-		-		E	-		-		-				E	-		-		-		E	-		-		-				-		-		-		-		-		-			
1491	P	-		p<0.05	0.0	p<0.05	0.0	P	-		-		-			Pos	P	-		p<0.05	5.0	p<0.05	5.0	P	-		-		-			Pos	-		p<0.05	1.0	p<0.05	1.0	-		-		-			Pos
1492	G	p>=0.05		p<0.05	0.0	p<0.05	0.0	G	-		-		-			Pos	G	p>=0.05		p<0.05	5.0	p<0.05	5.0	G	-		-		-			Pos	p<0.05	25.0	p<0.05	1.0	p<0.05	1.0	-		-		-		Pos	Pos
1493	V	-		p<0.05	0.0	p<0.05	0.0	V	-		-		-			Pos	V	-		p<0.05	5.0	p<0.05	5.0	V	-		-		-			Pos	-		p<0.05	1.0	p<0.05	1.0	-		-		-			Pos
1494	E	-		-		-		E	-		-		-				E	-		-		-		E	-		-		-				-		-		-		-		-		-			
1495	R	-		-		-		R	-		-		-				R	-		-		-		R	-		-		-				-		-		-		-		-		-			
1496	S	-		-		-		S	-		-		-				S	-		-		-		S	-		-		-				-		-		-		-		-		-			
1497	S	-		-		-		S	-		-		-				S	-		-		-		S	-		-		-				-		-		-		-		-		-			
1498	P	-		-		-		P	-		-		-				P	-		-		-		P	-		-		-				-		-		-		-		-		-			
1499	S	-		-		-		S	-		-		-				S	-		-		-		S	-		-		-				-		-		-		-		-		-			
1500	K	-		-		-		K	-		-		-				K	-		-		-		K	-		-		-				-		-		-		-		-		-			
1501	C	-		-		-		C	-		p>=0.05		p>=0.05				C	-		-		-		C	-		p<0.05	17.0	p<0.05	17.0		Neg	-		-		-		-		p<0.05	9.0	p<0.05	9.0		Neg
1502	P	-		-		-		P	p>=0.05		p<0.05	5.0	p<0.05	5.0		Neg	P	-		-		-		P	p>=0.05		p>=0.05		p>=0.05				-		-		-		p<0.05	5.0	p<0.05	9.0	p<0.05	9.0	Neg	Neg
1503	S	-		-		-		S	p<0.05	4.0	p<0.05	5.0	p<0.05	5.0	Neg	Neg	S	-		-		-		S	p>=0.05		p>=0.05		p>=0.05				-		-		-		p<0.05	5.0	p<0.05	9.0	p<0.05	9.0	Neg	Neg
1504	L	-		-		-		L	-		p<0.05	5.0	p<0.05	5.0		Neg	L	-		-		-		L	-		p>=0.05		p>=0.05				-		-		-		-		p<0.05	9.0	p<0.05	9.0		Neg
1505	D	-		-		-		D	-		-		-				D	-		-		-		D	-		-		-				-		-		-		-		-		-			
1506	D	-		-		-		D	-		-		-				D	-		-		-		D	-		-		-				-		-		-		-		-		-			
1507	R	-		-		-		R	-		-		-				R	-		-		-		R	-		-		-				-		-		-		-		-		-			
1508	W	-		-		-		W	-		-		-				W	-		-		-		W	-		-		-				-		-		-		-		-		-			
1509	Y	-		-		-		Y	-		-		-				Y	-		-		-		Y	-		-		-				-		-		-		-		-		-			
1510	M	-		-		-		M	-		-		-				M	-		-		-		M	-		-		-				-		-		-		-		-		-			
1511	H	-		-		-		H	-		-		-				H	-		-		-		H	-		-		-				-		-		-		-		-		-			
1512	S	-		-		-		S	-		-		-				S	-		-		-		S	-		-		-				-		-		-		-		-		-			
1513	C	-		-		-		C	-		-		-				C	-		-		-		C	-		-		-				-		-		-		-		-		-			
1514	S	-		-		-		S	-		-		-				S	-		-		-		S	-		-		-				-		-		-		-		-		-			
1515	G	-		-		-		G	-		-		-				G	-		-		-		G	-		-		-				-		-		-		-		-		-			
1516	S	-		-		-		S	-		-		-				S	-		-		-		S	-		-		-				-		-		-		-		-		-			
1517	L	-		-		-		L	-		-		-				L	-		-		-		L	-		-		-				-		-		-		-		-		-			
1518	Q	-		-		-		Q	-		-		-				Q	-		-		-		Q	-		-		-				-		-		-		-		-		-			
1519	N	-		-		-		N	-		-		-				N	-		-		-		N	-		-		-				-		-		-		-		-		-			
1520	R	-		-		-		R	-		-		-				R	-		-		-		R	-		-		-				-		-		-		-		-		-			
1521	N	-		-		-		N	-		-		-				N	-		-		-		N	-		-		-				-		-		-		-		-		-			
1522	Y	-		-		-		Y	-		-		-				Y	-		-		-		Y	-		-		-				-		-		-		-		-		-			
1523	P	-		-		-		P	-		p>=0.05		p>=0.05				P	-		-		-		P	-		p>=0.05		p>=0.05				-		-		-		-		p<0.05	22.0	p<0.05	5.0		Neg
1524	S	-		-		-		S	-		-		-				S	-		-		-		S	-		-		-				-		-		-		-		-		-			
1525	Q	-		-		-		Q	-		-		-				Q	-		-		-		Q	-		-		-				-		-		-		-		-		-			
1526	E	-		-		-		E	-		-		-				E	-		-		-		E	-		-		-				-		-		-		-		-		-			
1527	E	-		-		-		E	-		-		-				E	-		-		-		E	-		-		-				-		-		-		-		-		-			
1528	L	-		-		-		L	-		-		-				L	-		-		-		L	-		-		-				-		-		-		-		-		-			
1529	I	-		-		-		I	-		-		-				I	-		-		-		I	-		-		-				-		-		-		-		-		-			
1530	K	-		-		-		K	-		-		-				K	-		-		-		K	-		-		-				-		-		-		-		-		-			
1531	V	-		-		-		V	-		-		-				V	-		-		-		V	-		-		-				-		-		-		-		-		-			
1532	V	-		-		-		V	-		-		-				V	-		-		-		V	-		-		-				-		-		-		-		-		-			
1533	D	-		-		-		D	-		-		-				D	-		-		-		D	-		-		-				-		-		-		-		-		-			
1534	V	-		-		-		V	-		-		-				V	-		-		-		V	-		-		-				-		-		-		-		-		-			
1535	E	-		-		-		E	-		-		-				E	-		-		-		E	-		-		-				-		-		-		-		-		-			
1536	E	-		-		-		E	-		-		-				E	-		-		-		E	-		-		-				-		-		-		-		-		-			
1537	Q	-		-		-		Q	-		-		-				Q	-		-		-		Q	-		-		-				-		-		-		-		-		-			
1538	Q	-		-		-		Q	-		-		-				Q	-		-		-		Q	-		-		-				-		-		-		-		-		-			
1539	L	-		-		-		L	-		-		-				L	-		-		-		L	-		-		-				-		-		-		-		-		-			
1540	E	-		-		-		E	-		-		-				E	-		-		-		E	-		-		-				-		-		-		-		-		-			
1541	E	-		-		-		E	-		p>=0.05		p>=0.05				E	-		-		-		E	-		p>=0.05		p>=0.05				-		-		-		-		p>=0.05		p>=0.05			
1542	S	-		-		-		S	p>=0.05		p>=0.05		p>=0.05				S	-		-		-		S	p>=0.05		p>=0.05		p>=0.05				-		-		-		p>=0.05		p>=0.05		p>=0.05			
1543	G	-		-		-		G	-		p>=0.05		p>=0.05				G	-		-		-		G	-		p>=0.05		p>=0.05				-		-		-		-		p>=0.05		p>=0.05			
1544	P	-		-		-		P	p>=0.05		p>=0.05		p>=0.05				P	-		-		-		P	p>=0.05		p>=0.05		p>=0.05				-		-		-		p>=0.05		p>=0.05		p>=0.05			
1545	H	-		-		-		H	-		p>=0.05		p>=0.05				H	-		-		-		H	-		p>=0.05		p>=0.05				-		-		-		-		p>=0.05		p>=0.05			
1546	D	-		-		-		D	-		-		-				D	-		-		-		D	-		-		-				-		-		-		-		-		-			
1547	L	-		-		-		L	-		-		-				L	-		-		-		L	-		-		-				-		-		-		-		-		-			
1548	T	-		p<0.05	15.0	p<0.05	15.0	T	-		-		-			Pos	T	-		-		-		T	-		p>=0.05		p>=0.05				-		p<0.05	21.0	p<0.05	9.0	-		p>=0.05		p>=0.05			Pos
1549	E	p>=0.05		p>=0.05		p>=0.05		E	-		-		-				E	-		p>=0.05		p>=0.05		E	p>=0.05		-		p>=0.05				p<0.05	28.0	p>=0.05		p<0.05	9.0	p>=0.05		-		p>=0.05		Pos	
1550	T	-		p>=0.05		p>=0.05		T	p>=0.05		-		p>=0.05				T	p>=0.05		p>=0.05		p>=0.05		T	-		-		-				p>=0.05		p>=0.05		p>=0.05		p>=0.05		-		p>=0.05			
1551	S	-		-		-		S	-		p>=0.05		p>=0.05				S	-		p>=0.05		p>=0.05		S	-		-		-				-		p>=0.05		p>=0.05		-		p>=0.05		p>=0.05			
1552	Y	-		-		-		Y	-		-		-				Y	-		-		-		Y	-		-		-				-		-		-		-		-		-			
1553	L	-		-		-		L	-		p>=0.05		p>=0.05				L	-		-		-		L	-		p>=0.05		p>=0.05				-		-		-		-		p>=0.05		p>=0.05			
1554	P	-		-		-		P	p>=0.05		p>=0.05		p>=0.05				P	-		-		-		P	p>=0.05		p>=0.05		p>=0.05				-		-		-		p>=0.05		p>=0.05		p>=0.05			
1555	R	-		-		-		R	-		p>=0.05		p>=0.05				R	-		-		-		R	-		p>=0.05		p>=0.05				-		-		-		-		p>=0.05		p>=0.05			
1556	Q	-		-		-		Q	-		-		-				Q	-		-		-		Q	-		-		-				-		-		-		-		-		-			
1557	D	-		-		-		D	-		-		-				D	-		-		-		D	-		-		-				-		-		-		-		-		-			
1558	L	-		p>=0.05		p>=0.05		L	-		-		-				L	-		-		-		L	-		p>=0.05		p>=0.05				-		p>=0.05		p>=0.05		-		p>=0.05		p>=0.05			
1559	E	p>=0.05		p>=0.05		p>=0.05		E	-		-		-				E	-		-		-		E	p>=0.05		p>=0.05		p>=0.05				p>=0.05		p>=0.05		p>=0.05		p>=0.05		p>=0.05		p>=0.05			
1560	G	p>=0.05		p>=0.05		p>=0.05		G	-		-		-				G	p>=0.05		p>=0.05		p>=0.05		G	-		-		-				p<0.05	30.0	p>=0.05		p<0.05	34.0	-		-		-		Pos	
1561	T	p>=0.05		p>=0.05		p>=0.05		T	-		-		-				T	p>=0.05		p>=0.05		p>=0.05		T	-		-		-				p>=0.05		p>=0.05		p>=0.05		-		-		-			
1562	P	p>=0.05		p>=0.05		p>=0.05		P	-		-		-				P	p>=0.05		p>=0.05		p>=0.05		P	-		-		-				p>=0.05		p>=0.05		p>=0.05		-		-		-			
1563	Y	-		p>=0.05		p>=0.05		Y	-		-		-				Y	-		p>=0.05		p>=0.05		Y	-		-		-				-		p>=0.05		p>=0.05		-		-		-			
1564	L	-		-		-		L	-		-		-				L	-		-		-		L	-		-		-				-		-		-		-		-		-			
1565	E	-		-		-		E	-		-		-				E	-		-		-		E	-		-		-				-		-		-		-		-		-			
1566	S	-		-		-		S	-		p>=0.05		p>=0.05				S	-		p>=0.05		p>=0.05		S	-		-		-				-		p>=0.05		p>=0.05		-		p>=0.05		p>=0.05			
1567	G	-		-		-		G	p>=0.05		p>=0.05		p>=0.05				G	p>=0.05		p>=0.05		p>=0.05		G	-		-		-				p>=0.05		p>=0.05		p>=0.05		p>=0.05		p>=0.05		p>=0.05			
1568	I	-		p>=0.05		p>=0.05		I	-		-		-				I	-		p>=0.05		p>=0.05		I	-		-		-				-		p>=0.05		p>=0.05		-		-		-			
1569	S	p>=0.05		p>=0.05		p>=0.05		S	-		-		-				S	p>=0.05		p>=0.05		p>=0.05		S	-		-		-				p>=0.05		p>=0.05		p>=0.05		-		-		-			
1570	L	-		p>=0.05		p>=0.05		L	-		-		-				L	-		p>=0.05		p>=0.05		L	-		-		-				-		p>=0.05		p>=0.05		-		-		-			
1571	F	-		-		-		F	-		-		-				F	-		-		-		F	-		-		-				-		-		-		-		-		-			
1572	S	-		-		-		S	-		-		-				S	-		-		-		S	-		-		-				-		-		-		-		-		-			
1573	D	-		-		-		D	-		-		-				D	-		-		-		D	-		-		-				-		-		-		-		-		-			
1574	D	-		-		-		D	-		-		-				D	-		-		-		D	-		-		-				-		-		-		-		-		-			
1575	P	-		-		-		P	-		p>=0.05		p>=0.05				P	-		p<0.05	11.0	p<0.05	11.0	P	-		-		-			Pos	-		p<0.05	8.0	p<0.05	8.0	-		p>=0.05		p>=0.05			Pos
1576	E	-		-		-		E	p>=0.05		p>=0.05		p>=0.05				E	p>=0.05		p<0.05	11.0	p<0.05	11.0	E	-		-		-			Pos	p<0.05	14.0	p<0.05	8.0	p<0.05	8.0	p>=0.05		p>=0.05		p>=0.05		Pos	Pos
1577	S	-		-		-		S	-		p>=0.05		p>=0.05				S	-		p<0.05	11.0	p<0.05	11.0	S	-		-		-			Pos	-		p<0.05	8.0	p<0.05	8.0	-		p>=0.05		p>=0.05			Pos
1578	D	-		-		-		D	-		-		-				D	-		-		-		D	-		-		-				-		-		-		-		-		-			
1579	P	-		-		-		P	-		-		-				P	-		-		-		P	-		-		-				-		-		-		-		-		-			
1580	S	-		p>=0.05		p>=0.05		S	-		-		-				S	-		-		-		S	-		p>=0.05		p>=0.05				-		p>=0.05		p>=0.05		-		p>=0.05		p>=0.05			
1581	E	p>=0.05		p>=0.05		p>=0.05		E	-		-		-				E	-		-		-		E	p>=0.05		p>=0.05		p>=0.05				p>=0.05		p>=0.05		p>=0.05		p>=0.05		p>=0.05		p>=0.05			
1582	D	-		p>=0.05		p>=0.05		D	-		-		-				D	-		-		-		D	-		p>=0.05		p>=0.05				-		p>=0.05		p>=0.05		-		p>=0.05		p>=0.05			
1583	R	-		p<0.05	17.0	p<0.05	17.0	R	-		-		-			Pos	R	-		-		-		R	-		p>=0.05		p>=0.05				-		p<0.05	41.0	p<0.05	27.0	-		p>=0.05		p>=0.05			Pos
1584	A	p>=0.05		p>=0.05		p>=0.05		A	-		-		-				A	-		p>=0.05		p>=0.05		A	p>=0.05		-		p>=0.05				p<0.05	26.0	p>=0.05		p<0.05	27.0	p>=0.05		-		p>=0.05		Pos	
1585	P	-		p>=0.05		p>=0.05		P	p>=0.05		-		p>=0.05				P	p>=0.05		p>=0.05		p>=0.05		P	-		-		-				p<0.05	26.0	p>=0.05		p<0.05	27.0	p>=0.05		-		p>=0.05		Pos	
1586	E	-		-		-		E	-		p>=0.05		p>=0.05				E	-		p<0.05	27.0	p<0.05	27.0	E	-		-		-			Pos	-		p<0.05	40.0	p<0.05	27.0	-		p>=0.05		p>=0.05			Pos
1587	S	-		-		-		S	-		-		-				S	-		-		-		S	-		-		-				-		-		-		-		-		-			
1588	A	-		-		-		A	-		p<0.05	16.0	p<0.05	16.0		Neg	A	-		-		-		A	-		p>=0.05		p>=0.05				-		-		-		-		p<0.05	19.0	p<0.05	17.0		Neg
1589	R	-		-		-		R	p>=0.05		p<0.05	16.0	p<0.05	16.0		Neg	R	-		-		-		R	p>=0.05		p>=0.05		p>=0.05				-		-		-		p<0.05	4.0	p<0.05	19.0	p<0.05	17.0	Neg	Neg
1590	V	-		-		-		V	p>=0.05		p>=0.05		p>=0.05				V	-		-		-		V	p>=0.05		p>=0.05		p>=0.05				-		-		-		p>=0.05		p>=0.05		p>=0.05			
1591	G	-		-		-		G	p>=0.05		p>=0.05		p>=0.05				G	-		-		-		G	p>=0.05		p>=0.05		p>=0.05				-		-		-		p>=0.05		p>=0.05		p>=0.05			
1592	N	-		-		-		N	-		p>=0.05		p>=0.05				N	-		-		-		N	-		p>=0.05		p>=0.05				-		-		-		-		p>=0.05		p>=0.05			
1593	I	-		-		-		I	-		-		-				I	-		-		-		I	-		-		-				-		-		-		-		-		-			
1594	P	-		-		-		P	-		-		-				P	-		-		-		P	-		-		-				-		-		-		-		-		-			
1595	S	-		-		-		S	-		-		-				S	-		-		-		S	-		-		-				-		-		-		-		-		-			
1596	S	-		-		-		S	-		-		-				S	-		-		-		S	-		-		-				-		-		-		-		-		-			
1597	T	-		-		-		T	-		-		-				T	-		-		-		T	-		-		-				-		-		-		-		-		-			
1598	S	-		-		-		S	-		p>=0.05		p>=0.05				S	-		-		-		S	-		p>=0.05		p>=0.05				-		-		-		-		p>=0.05		p>=0.05			
1599	A	-		-		-		A	p>=0.05		p>=0.05		p>=0.05				A	-		-		-		A	p>=0.05		p>=0.05		p>=0.05				-		-		-		p>=0.05		p>=0.05		p>=0.05			
1600	L	-		-		-		L	-		p>=0.05		p>=0.05				L	-		-		-		L	-		p>=0.05		p>=0.05				-		-		-		-		p>=0.05		p>=0.05			
1601	K	-		-		-		K	-		-		-				K	-		-		-		K	-		-		-				-		-		-		-		-		-			
1602	V	-		-		-		V	-		-		-				V	-		-		-		V	-		-		-				-		-		-		-		-		-			
1603	P	-		-		-		P	-		-		-				P	-		-		-		P	-		-		-				-		-		-		-		-		-			
1604	Q	-		-		-		Q	-		-		-				Q	-		-		-		Q	-		-		-				-		-		-		-		-		-			
1605	L	-		-		-		L	-		-		-				L	-		-		-		L	-		-		-				-		-		-		-		-		-			
1606	K	-		-		-		K	-		-		-				K	-		-		-		K	-		-		-				-		-		-		-		-		-			
1607	V	-		p>=0.05		p>=0.05		V	-		-		-				V	-		-		-		V	-		p>=0.05		p>=0.05				-		p>=0.05		p>=0.05		-		p>=0.05		p>=0.05			
1608	A	p>=0.05		p>=0.05		p>=0.05		A	-		-		-				A	-		p>=0.05		p>=0.05		A	p>=0.05		-		p>=0.05				p>=0.05		p>=0.05		p>=0.05		p>=0.05		-		p>=0.05			
1609	E	p>=0.05		p>=0.05		p>=0.05		E	-		-		-				E	p>=0.05		p>=0.05		p>=0.05		E	-		-		-				p>=0.05		p>=0.05		p>=0.05		-		-		-			
1610	S	-		p>=0.05		p>=0.05		S	-		-		-				S	-		p>=0.05		p>=0.05		S	-		-		-				-		p>=0.05		p>=0.05		-		-		-			
1611	A	-		-		-		A	-		-		-				A	-		-		-		A	-		-		-				-		-		-		-		-		-			
1612	Q	-		-		-		Q	-		-		-				Q	-		-		-		Q	-		-		-				-		-		-		-		-		-			
1613	S	-		-		-		S	-		-		-				S	-		-		-		S	-		-		-				-		-		-		-		-		-			
1614	P	-		-		-		P	-		-		-				P	-		-		-		P	-		-		-				-		-		-		-		-		-			
1615	A	-		-		-		A	-		-		-				A	-		-		-		A	-		-		-				-		-		-		-		-		-			
1616	A	-		-		-		A	-		p>=0.05		p>=0.05				A	-		-		-		A	-		p>=0.05		p>=0.05				-		-		-		-		p>=0.05		p>=0.05			
1617	A	-		-		-		A	p>=0.05		p>=0.05		p>=0.05				A	-		-		-		A	p>=0.05		p>=0.05		p>=0.05				-		-		-		p>=0.05		p>=0.05		p>=0.05			
1618	H	p>=0.05		p>=0.05		p>=0.05		H	-		-		-				H	-		-		-		H	p>=0.05		p>=0.05		p>=0.05				p>=0.05		p>=0.05		p>=0.05		p>=0.05		p>=0.05		p>=0.05			
1619	T	p>=0.05		p>=0.05		p>=0.05		T	-		-		-				T	-		-		-		T	p>=0.05		p>=0.05		p>=0.05				p>=0.05		p>=0.05		p>=0.05		p>=0.05		p>=0.05		p>=0.05			
1620	T	-		p>=0.05		p>=0.05		T	-		-		-				T	-		-		-		T	-		p>=0.05		p>=0.05				-		p>=0.05		p>=0.05		-		p>=0.05		p>=0.05			
1621	D	-		-		-		D	-		p>=0.05		p>=0.05				D	-		p<0.05	15.0	p<0.05	15.0	D	-		-		-			Pos	-		p<0.05	34.0	p<0.05	36.0	-		p>=0.05		p>=0.05			Pos
1622	T	-		-		-		T	p>=0.05		p>=0.05		p>=0.05				T	p>=0.05		p<0.05	15.0	p<0.05	15.0	T	-		-		-			Pos	p<0.05	10.0	p<0.05	34.0	p<0.05	36.0	p>=0.05		p>=0.05		p>=0.05		Pos	Pos
1623	A	-		-		-		A	p>=0.05		p>=0.05		p>=0.05				A	p>=0.05		p<0.05	15.0	p<0.05	15.0	A	-		-		-			Pos	p<0.05	10.0	p<0.05	34.0	p<0.05	36.0	p>=0.05		p>=0.05		p>=0.05		Pos	Pos
1624	G	-		-		-		G	-		p>=0.05		p>=0.05				G	-		p<0.05	15.0	p<0.05	15.0	G	-		-		-			Pos	-		p<0.05	34.0	p<0.05	36.0	-		p>=0.05		p>=0.05			Pos
1625	Y	-		-		-		Y	-		-		-				Y	-		-		-		Y	-		-		-				-		-		-		-		-		-			
1626	N	-		p>=0.05		p>=0.05		N	-		-		-				N	-		-		-		N	-		p>=0.05		p>=0.05				-		p>=0.05		p>=0.05		-		p>=0.05		p>=0.05			
1627	A	-		p>=0.05		p>=0.05		A	-		-		-				A	-		-		-		A	-		p>=0.05		p>=0.05				-		p>=0.05		p>=0.05		-		p>=0.05		p>=0.05			
1628	M	-		-		-		M	-		-		-				M	-		-		-		M	-		-		-				-		-		-		-		-		-			
1629	E	-		-		-		E	-		-		-				E	-		-		-		E	-		-		-				-		-		-		-		-		-			
1630	E	-		-		-		E	-		-		-				E	-		-		-		E	-		-		-				-		-		-		-		-		-			
1631	S	-		-		-		S	-		-		-				S	-		-		-		S	-		-		-				-		-		-		-		-		-			
1632	V	-		-		-		V	-		-		-				V	-		-		-		V	-		-		-				-		-		-		-		-		-			
1633	S	-		-		-		S	-		-		-				S	-		-		-		S	-		-		-				-		-		-		-		-		-			
1634	R	-		-		-		R	-		-		-				R	-		-		-		R	-		-		-				-		-		-		-		-		-			
1635	E	-		-		-		E	-		-		-				E	-		-		-		E	-		-		-				-		-		-		-		-		-			
1636	K	-		-		-		K	-		-		-				K	-		-		-		K	-		-		-				-		-		-		-		-		-			
1637	P	-		-		-		P	-		-		-				P	-		-		-		P	-		-		-				-		-		-		-		-		-			
1638	E	-		-		-		E	-		-		-				E	-		-		-		E	-		-		-				-		-		-		-		-		-			
1639	L	-		p>=0.05		p>=0.05		L	-		-		-				L	-		p>=0.05		p>=0.05		L	-		-		-				-		p>=0.05		p>=0.05		-		-		-			
1640	T	p>=0.05		p>=0.05		p>=0.05		T	-		-		-				T	p>=0.05		p>=0.05		p>=0.05		T	-		-		-				p>=0.05		p>=0.05		p>=0.05		-		-		-			
1641	A	-		p>=0.05		p>=0.05		A	-		-		-				A	-		p>=0.05		p>=0.05		A	-		-		-				-		p>=0.05		p>=0.05		-		-		-			
1642	S	-		p>=0.05		p>=0.05		S	-		-		-				S	-		p>=0.05		p>=0.05		S	-		-		-				-		p>=0.05		p>=0.05		-		-		-			
1643	T	-		-		-		T	-		-		-				T	-		-		-		T	-		-		-				-		-		-		-		-		-			
1644	E	-		-		-		E	-		-		-				E	-		-		-		E	-		-		-				-		-		-		-		-		-			
1645	R	-		-		-		R	-		-		-				R	-		-		-		R	-		-		-				-		-		-		-		-		-			
1646	V	-		-		-		V	-		-		-				V	-		-		-		V	-		-		-				-		-		-		-		-		-			
1647	N	-		-		-		N	-		-		-				N	-		-		-		N	-		-		-				-		-		-		-		-		-			
1648	K	-		-		-		K	-		-		-				K	-		-		-		K	-		-		-				-		-		-		-		-		-			
1649	R	-		-		-		R	-		-		-				R	-		-		-		R	-		-		-				-		-		-		-		-		-			
1650	M	-		-		-		M	-		p>=0.05		p>=0.05				M	-		p<0.05	2.0	p<0.05	2.0	M	-		-		-			Pos	-		p>=0.05		p>=0.05		-		p>=0.05		p>=0.05			
1651	S	-		-		-		S	p>=0.05		p>=0.05		p>=0.05				S	p>=0.05		p<0.05	2.0	p<0.05	2.0	S	-		-		-			Pos	p>=0.05		p>=0.05		p>=0.05		p>=0.05		p>=0.05		p>=0.05			
1652	M	-		-		-		M	-		p<0.05	1.0	p<0.05	1.0		Neg	M	-		-		-		M	-		p>=0.05		p>=0.05				-		-		-		-		p<0.05	0.0	p<0.05	0.0		Neg
1653	V	-		-		-		V	-		-		-				V	-		-		-		V	-		-		-				-		-		-		-		-		-			
1654	V	-		-		-		V	-		-		-				V	-		-		-		V	-		-		-				-		-		-		-		-		-			
1655	S	-		-		-		S	-		p>=0.05		p>=0.05				S	-		-		-		S	-		p<0.05	2.0	p<0.05	2.0		Neg	-		-		-		-		p<0.05	1.0	p<0.05	6.0		Neg
1656	G	-		-		-		G	p>=0.05		p>=0.05		p>=0.05				G	-		-		-		G	p>=0.05		p<0.05	2.0	p<0.05	2.0		Neg	-		-		-		p>=0.05		p<0.05	1.0	p<0.05	6.0		Neg
1657	L	-		-		-		L	-		p>=0.05		p>=0.05				L	-		-		-		L	-		p<0.05	2.0	p<0.05	2.0		Neg	-		-		-		-		p<0.05	1.0	p<0.05	6.0		Neg
1658	T	-		-		-		T	-		-		-				T	-		-		-		T	-		-		-				-		-		-		-		-		-			
1659	P	-		-		-		P	-		-		-				P	-		-		-		P	-		-		-				-		-		-		-		-		-			
1660	E	-		-		-		E	-		-		-				E	-		-		-		E	-		-		-				-		-		-		-		-		-			
1661	E	-		-		-		E	-		-		-				E	-		-		-		E	-		-		-				-		-		-		-		-		-			
1662	F	-		-		-		F	-		-		-				F	-		-		-		F	-		-		-				-		-		-		-		-		-			
1663	M	-		-		-		M	-		-		-				M	-		-		-		M	-		-		-				-		-		-		-		-		-			
1664	L	-		-		-		L	-		-		-				L	-		-		-		L	-		-		-				-		-		-		-		-		-			
1665	V	-		-		-		V	-		-		-				V	-		-		-		V	-		-		-				-		-		-		-		-		-			
1666	Y	-		-		-		Y	-		-		-				Y	-		-		-		Y	-		-		-				-		-		-		-		-		-			
1667	K	-		-		-		K	-		-		-				K	-		-		-		K	-		-		-				-		-		-		-		-		-			
1668	F	-		-		-		F	-		-		-				F	-		-		-		F	-		-		-				-		-		-		-		-		-			
1669	A	-		-		-		A	-		-		-				A	-		-		-		A	-		-		-				-		-		-		-		-		-			
1670	R	-		-		-		R	-		-		-				R	-		-		-		R	-		-		-				-		-		-		-		-		-			
1671	K	-		-		-		K	-		-		-				K	-		-		-		K	-		-		-				-		-		-		-		-		-			
1672	H	-		-		-		H	-		-		-				H	-		-		-		H	-		-		-				-		-		-		-		-		-			
1673	H	-		-		-		H	-		-		-				H	-		-		-		H	-		-		-				-		-		-		-		-		-			
1674	I	-		-		-		I	-		-		-				I	-		-		-		I	-		-		-				-		-		-		-		-		-			
1675	T	-		-		-		T	-		p>=0.05		p>=0.05				T	-		p<0.05	2.0	p<0.05	2.0	T	-		-		-			Pos	-		p>=0.05		p>=0.05		-		p>=0.05		p>=0.05			
1676	L	-		-		-		L	-		p>=0.05		p>=0.05				L	-		p<0.05	2.0	p<0.05	2.0	L	-		-		-			Pos	-		p>=0.05		p>=0.05		-		p>=0.05		p>=0.05			
1677	T	-		-		-		T	-		-		-				T	-		-		-		T	-		-		-				-		-		-		-		-		-			
1678	N	-		-		-		N	-		-		-				N	-		-		-		N	-		-		-				-		-		-		-		-		-			
1679	L	-		-		-		L	-		-		-				L	-		-		-		L	-		-		-				-		-		-		-		-		-			
1680	I	-		-		-		I	-		-		-				I	-		-		-		I	-		-		-				-		-		-		-		-		-			
1681	T	-		-		-		T	-		-		-				T	-		-		-		T	-		-		-				-		-		-		-		-		-			
1682	E	-		-		-		E	-		-		-				E	-		-		-		E	-		-		-				-		-		-		-		-		-			
1683	E	-		-		-		E	-		-		-				E	-		-		-		E	-		-		-				-		-		-		-		-		-			
1684	T	-		-		-		T	-		p<0.05	1.0	p<0.05	1.0		Neg	T	-		-		-		T	-		p>=0.05		p>=0.05				-		-		-		-		p<0.05	0.0	p<0.05	0.0		Neg
1685	T	-		-		-		T	-		p<0.05	1.0	p<0.05	1.0		Neg	T	-		-		-		T	-		p>=0.05		p>=0.05				-		-		-		-		p<0.05	0.0	p<0.05	0.0		Neg
1686	H	-		-		-		H	p<0.05	5.0	p<0.05	1.0	p<0.05	1.0	Neg	Neg	H	-		-		-		H	p>=0.05		p<0.05	1.0	p<0.05	1.0		Neg	-		-		-		p<0.05	30.0	p<0.05	0.0	p<0.05	0.0	Neg	Neg
1687	V	-		-		-		V	-		p<0.05	1.0	p<0.05	1.0		Neg	V	-		-		-		V	-		p<0.05	1.0	p<0.05	1.0		Neg	-		-		-		-		p<0.05	0.0	p<0.05	0.0		Neg
1688	V	-		-		-		V	-		-		-				V	-		-		-		V	-		-		-				-		-		-		-		-		-			
1689	M	-		-		-		M	-		-		-				M	-		-		-		M	-		-		-				-		-		-		-		-		-			
1690	K	-		-		-		K	-		p>=0.05		p>=0.05				K	-		-		-		K	-		p<0.05	2.0	p<0.05	2.0		Neg	-		-		-		-		p<0.05	1.0	p<0.05	6.0		Neg
1691	T	-		-		-		T	-		-		-				T	-		-		-		T	-		-		-				-		-		-		-		-		-			
1692	D	-		-		-		D	-		p<0.05	17.0	p<0.05	17.0		Neg	D	-		-		-		D	-		p>=0.05		p>=0.05				-		-		-		-		p<0.05	7.0	p<0.05	30.0		Neg
1693	A	-		-		-		A	p<0.05	13.0	p<0.05	17.0	p<0.05	17.0	Neg	Neg	A	-		-		-		A	p>=0.05		p>=0.05		p>=0.05				-		-		-		p<0.05	12.0	p<0.05	7.0	p<0.05	30.0	Neg	Neg
1694	E	-		-		-		E	-		p<0.05	17.0	p<0.05	17.0		Neg	E	-		-		-		E	-		p>=0.05		p>=0.05				-		-		-		-		p<0.05	7.0	p<0.05	30.0		Neg
1695	F	-		-		-		F	-		p<0.05	17.0	p<0.05	17.0		Neg	F	-		-		-		F	-		p>=0.05		p>=0.05				-		-		-		-		p<0.05	7.0	p<0.05	30.0		Neg
1696	V	-		-		-		V	-		-		-				V	-		-		-		V	-		-		-				-		-		-		-		-		-			
1697	C	-		-		-		C	-		-		-				C	-		-		-		C	-		-		-				-		-		-		-		-		-			
1698	E	-		-		-		E	-		-		-				E	-		-		-		E	-		-		-				-		-		-		-		-		-			
1699	R	-		-		-		R	-		p>=0.05		p>=0.05				R	-		p>=0.05		p>=0.05		R	-		-		-				-		p>=0.05		p>=0.05		-		p>=0.05		p>=0.05			
1700	T	-		-		-		T	p>=0.05		p>=0.05		p>=0.05				T	p>=0.05		p>=0.05		p>=0.05		T	-		-		-				p>=0.05		p>=0.05		p>=0.05		p>=0.05		p>=0.05		p>=0.05			
1701	L	-		-		-		L	-		p>=0.05		p>=0.05				L	-		p>=0.05		p>=0.05		L	-		-		-				-		p>=0.05		p>=0.05		-		p>=0.05		p>=0.05			
1702	K	-		-		-		K	-		p>=0.05		p>=0.05				K	-		p>=0.05		p>=0.05		K	-		-		-				-		p>=0.05		p>=0.05		-		p>=0.05		p>=0.05			
1703	Y	-		-		-		Y	-		p>=0.05		p>=0.05				Y	-		p>=0.05		p>=0.05		Y	-		-		-				-		p>=0.05		p>=0.05		-		p>=0.05		p>=0.05			
1704	F	-		-		-		F	-		-		-				F	-		-		-		F	-		-		-				-		-		-		-		-		-			
1705	L	-		-		-		L	-		-		-				L	-		-		-		L	-		-		-				-		-		-		-		-		-			
1706	G	-		-		-		G	-		-		-				G	-		-		-		G	-		-		-				-		-		-		-		-		-			
1707	I	-		-		-		I	-		p<0.05	1.0	p<0.05	1.0		Neg	I	-		-		-		I	-		p<0.05	1.0	p<0.05	1.0		Neg	-		-		-		-		p<0.05	0.0	p<0.05	0.0		Neg
1708	A	-		-		-		A	-		-		-				A	-		-		-		A	-		-		-				-		-		-		-		-		-			
1709	G	-		-		-		G	-		-		-				G	-		-		-		G	-		-		-				-		-		-		-		-		-			
1710	G	-		-		-		G	-		p<0.05	1.0	p<0.05	1.0		Neg	G	-		-		-		G	-		p<0.05	1.0	p<0.05	1.0		Neg	-		-		-		-		p<0.05	0.0	p<0.05	0.0		Neg
1711	K	-		-		-		K	-		p<0.05	1.0	p<0.05	1.0		Neg	K	-		-		-		K	-		p<0.05	1.0	p<0.05	1.0		Neg	-		-		-		-		p<0.05	0.0	p<0.05	0.0		Neg
1712	W	-		-		-		W	-		p<0.05	1.0	p<0.05	1.0		Neg	W	-		-		-		W	-		p<0.05	1.0	p<0.05	1.0		Neg	-		-		-		-		p<0.05	0.0	p<0.05	0.0		Neg
1713	V	-		-		-		V	-		p<0.05	1.0	p<0.05	1.0		Neg	V	-		-		-		V	-		p<0.05	1.0	p<0.05	1.0		Neg	-		-		-		-		p<0.05	0.0	p<0.05	0.0		Neg
1714	V	-		-		-		V	-		-		-				V	-		-		-		V	-		-		-				-		-		-		-		-		-			
1715	S	-		-		-		S	-		-		-				S	-		-		-		S	-		-		-				-		-		-		-		-		-			
1716	Y	-		-		-		Y	-		-		-				Y	-		-		-		Y	-		-		-				-		-		-		-		-		-			
1717	F	-		-		-		F	-		-		-				F	-		-		-		F	-		-		-				-		-		-		-		-		-			
1718	W	-		-		-		W	-		-		-				W	-		-		-		W	-		-		-				-		-		-		-		-		-			
1719	V	-		-		-		V	-		-		-				V	-		-		-		V	-		-		-				-		-		-		-		-		-			
1720	T	-		-		-		T	-		-		-				T	-		-		-		T	-		-		-				-		-		-		-		-		-			
1721	Q	-		-		-		Q	-		-		-				Q	-		-		-		Q	-		-		-				-		-		-		-		-		-			
1722	S	-		p<0.05	1.0	p<0.05	1.0	S	-		-		-			Pos	S	-		p<0.05	14.0	p<0.05	14.0	S	-		-		-			Pos	-		p<0.05	16.0	p<0.05	7.0	-		-		-			Pos
1723	I	-		p<0.05	1.0	p<0.05	1.0	I	-		-		-			Pos	I	-		p<0.05	14.0	p<0.05	14.0	I	-		-		-			Pos	-		p<0.05	16.0	p<0.05	7.0	-		-		-			Pos
1724	K	-		p<0.05	1.0	p<0.05	1.0	K	-		-		-			Pos	K	-		p<0.05	14.0	p<0.05	14.0	K	-		-		-			Pos	-		p<0.05	16.0	p<0.05	7.0	-		-		-			Pos
1725	E	-		p<0.05	1.0	p<0.05	1.0	E	-		-		-			Pos	E	-		p<0.05	14.0	p<0.05	14.0	E	-		-		-			Pos	-		p<0.05	16.0	p<0.05	7.0	-		-		-			Pos
1726	R	p>=0.05		p<0.05	1.0	p<0.05	1.0	R	-		-		-			Pos	R	p>=0.05		p<0.05	14.0	p<0.05	14.0	R	-		-		-			Pos	p<0.05	13.0	p<0.05	16.0	p<0.05	7.0	-		-		-		Pos	Pos
1727	K	-		p<0.05	1.0	p<0.05	1.0	K	-		-		-			Pos	K	-		p<0.05	14.0	p<0.05	14.0	K	-		-		-			Pos	-		p<0.05	16.0	p<0.05	7.0	-		-		-			Pos
1728	M	-		-		-		M	-		-		-				M	-		-		-		M	-		-		-				-		-		-		-		-		-			
1729	L	-		-		-		L	-		-		-				L	-		-		-		L	-		-		-				-		-		-		-		-		-			
1730	N	-		-		-		N	-		p>=0.05		p>=0.05				N	-		-		-		N	-		p>=0.05		p>=0.05				-		-		-		-		p<0.05	0.0	p<0.05	0.0		Neg
1731	E	-		-		-		E	-		p>=0.05		p>=0.05				E	-		-		-		E	-		p>=0.05		p>=0.05				-		-		-		-		p<0.05	0.0	p<0.05	0.0		Neg
1732	H	-		-		-		H	p>=0.05		p>=0.05		p>=0.05				H	-		-		-		H	p>=0.05		p>=0.05		p>=0.05				-		-		-		p<0.05	15.0	p<0.05	0.0	p<0.05	0.0	Neg	Neg
1733	D	-		-		-		D	-		p>=0.05		p>=0.05				D	-		-		-		D	-		p>=0.05		p>=0.05				-		-		-		-		p<0.05	0.0	p<0.05	0.0		Neg
1734	F	-		-		-		F	-		p>=0.05		p>=0.05				F	-		-		-		F	-		p>=0.05		p>=0.05				-		-		-		-		p<0.05	0.0	p<0.05	0.0		Neg
1735	E	-		-		-		E	-		p>=0.05		p>=0.05				E	-		-		-		E	-		p>=0.05		p>=0.05				-		-		-		-		p<0.05	0.0	p<0.05	0.0		Neg
1736	V	-		-		-		V	-		-		-				V	-		-		-		V	-		-		-				-		-		-		-		-		-			
1737	R	-		-		-		R	-		-		-				R	-		-		-		R	-		-		-				-		-		-		-		-		-			
1738	G	-		-		-		G	-		-		-				G	-		-		-		G	-		-		-				-		-		-		-		-		-			
1739	D	-		-		-		D	-		-		-				D	-		-		-		D	-		-		-				-		-		-		-		-		-			
1740	V	-		-		-		V	-		-		-				V	-		-		-		V	-		-		-				-		-		-		-		-		-			
1741	V	-		-		-		V	-		-		-				V	-		-		-		V	-		-		-				-		-		-		-		-		-			
1742	N	-		-		-		N	-		-		-				N	-		-		-		N	-		-		-				-		-		-		-		-		-			
1743	G	-		-		-		G	-		-		-				G	-		-		-		G	-		-		-				-		-		-		-		-		-			
1744	R	-		-		-		R	-		-		-				R	-		-		-		R	-		-		-				-		-		-		-		-		-			
1745	N	-		-		-		N	-		-		-				N	-		-		-		N	-		-		-				-		-		-		-		-		-			
1746	H	-		-		-		H	-		-		-				H	-		-		-		H	-		-		-				-		-		-		-		-		-			
1747	Q	-		-		-		Q	-		-		-				Q	-		-		-		Q	-		-		-				-		-		-		-		-		-			
1748	G	-		-		-		G	-		p>=0.05		p>=0.05				G	-		-		-		G	-		p>=0.05		p>=0.05				-		-		-		-		p>=0.05		p>=0.05			
1749	P	-		-		-		P	-		p<0.05	1.0	p<0.05	1.0		Neg	P	-		-		-		P	-		p<0.05	1.0	p<0.05	1.0		Neg	-		-		-		-		p<0.05	0.0	p<0.05	0.0		Neg
1750	K	-		-		-		K	-		p<0.05	1.0	p<0.05	1.0		Neg	K	-		-		-		K	-		p<0.05	1.0	p<0.05	1.0		Neg	-		-		-		-		p<0.05	0.0	p<0.05	0.0		Neg
1751	R	-		-		-		R	p>=0.05		p>=0.05		p>=0.05				R	-		-		-		R	p>=0.05		p<0.05	1.0	p<0.05	1.0		Neg	-		-		-		p<0.05	14.0	p<0.05	0.0	p<0.05	0.0	Neg	Neg
1752	A	-		-		-		A	p>=0.05		p>=0.05		p>=0.05				A	-		-		-		A	p>=0.05		p<0.05	1.0	p<0.05	1.0		Neg	-		-		-		p<0.05	14.0	p<0.05	0.0	p<0.05	0.0	Neg	Neg
1753	R	-		-		-		R	p<0.05	6.0	p>=0.05		p<0.05	1.0	Neg		R	-		-		-		R	p>=0.05		p<0.05	1.0	p<0.05	1.0		Neg	-		-		-		p<0.05	14.0	p<0.05	0.0	p<0.05	0.0	Neg	Neg
1754	E	p>=0.05		-		p>=0.05		E	-		p>=0.05		p>=0.05				E	-		-		-		E	p>=0.05		p<0.05	1.0	p<0.05	1.0		Neg	p>=0.05		-		p>=0.05		p>=0.05		p<0.05	0.0	p<0.05	0.0		Neg
1755	S	-		-		-		S	-		p>=0.05		p>=0.05				S	-		-		-		S	-		p<0.05	1.0	p<0.05	1.0		Neg	-		-		-		-		p<0.05	0.0	p<0.05	0.0		Neg
1756	Q	-		-		-		Q	-		-		-				Q	-		-		-		Q	-		-		-				-		-		-		-		-		-			
1757	D	-		-		-		D	-		-		-				D	-		-		-		D	-		-		-				-		-		-		-		-		-			
1758	R	-		-		-		R	-		-		-				R	-		-		-		R	-		-		-				-		-		-		-		-		-			
1759	K	-		-		-		K	-		-		-				K	-		-		-		K	-		-		-				-		-		-		-		-		-			
1760	I	-		-		-		I	-		-		-				I	-		-		-		I	-		-		-				-		-		-		-		-		-			
1761	F	-		-		-		F	-		-		-				F	-		-		-		F	-		-		-				-		-		-		-		-		-			
1762	R	-		-		-		R	-		-		-				R	-		-		-		R	-		-		-				-		-		-		-		-		-			
1763	G	-		-		-		G	-		p<0.05	0.0	p<0.05	0.0		Neg	G	-		-		-		G	-		p<0.05	4.0	p<0.05	4.0		Neg	-		-		-		-		p<0.05	3.0	p<0.05	1.0		Neg
1764	L	-		-		-		L	-		p>=0.05		p>=0.05				L	-		-		-		L	-		p<0.05	4.0	p<0.05	4.0		Neg	-		-		-		-		p<0.05	3.0	p<0.05	1.0		Neg
1765	E	p>=0.05		p>=0.05		p>=0.05		E	-		-		-				E	-		-		-		E	p>=0.05		p>=0.05		p>=0.05				p>=0.05		p>=0.05		p>=0.05		p>=0.05		p>=0.05		p>=0.05			
1766	I	-		p>=0.05		p>=0.05		I	-		-		-				I	-		-		-		I	-		p>=0.05		p>=0.05				-		p>=0.05		p>=0.05		-		p>=0.05		p>=0.05			
1767	C	-		p>=0.05		p>=0.05		C	-		-		-				C	-		p>=0.05		p>=0.05		C	-		-		-				-		p>=0.05		p>=0.05		-		-		-			
1768	C	-		-		-		C	-		-		-				C	-		-		-		C	-		-		-				-		-		-		-		-		-			
1769	Y	-		-		-		Y	-		p>=0.05		p>=0.05				Y	-		-		-		Y	-		p<0.05	0.0	p<0.05	0.0		Neg	-		-		-		-		p>=0.05		p>=0.05			
1770	G	-		-		-		G	-		-		-				G	-		-		-		G	-		-		-				-		-		-		-		-		-			
1771	P	-		p<0.05	25.0	p<0.05	25.0	P	-		-		-			Pos	P	-		-		-		P	-		p>=0.05		p>=0.05				-		p<0.05	28.0	p<0.05	2.0	-		p>=0.05		p>=0.05			Pos
1772	F	-		-		-		F	-		p>=0.05		p>=0.05				F	-		-		-		F	-		p<0.05	12.0	p<0.05	12.0		Neg	-		-		-		-		p>=0.05		p>=0.05			
1773	T	-		-		-		T	p>=0.05		p<0.05	7.0	p<0.05	7.0		Neg	T	-		-		-		T	p>=0.05		p<0.05	12.0	p<0.05	12.0		Neg	-		-		-		p<0.05	13.0	p<0.05	26.0	p<0.05	26.0	Neg	Neg
1774	N	-		-		-		N	-		p<0.05	7.0	p<0.05	7.0		Neg	N	-		-		-		N	-		p<0.05	12.0	p<0.05	12.0		Neg	-		-		-		-		p<0.05	26.0	p<0.05	26.0		Neg
1775	M	-		-		-		M	-		p>=0.05		p>=0.05				M	-		-		-		M	-		p>=0.05		p>=0.05				-		-		-		-		p>=0.05		p>=0.05			
1776	P	p>=0.05		p>=0.05		p>=0.05		P	-		-		-				P	-		-		-		P	p>=0.05		p>=0.05		p>=0.05				p>=0.05		p>=0.05		p>=0.05		p>=0.05		p>=0.05		p>=0.05			
1777	T	p>=0.05		p>=0.05		p>=0.05		T	-		-		-				T	-		-		-		T	p>=0.05		p>=0.05		p>=0.05				p>=0.05		p>=0.05		p>=0.05		p>=0.05		p>=0.05		p>=0.05			
1778	D	-		p>=0.05		p>=0.05		D	p>=0.05		-		p>=0.05				D	-		-		-		D	p>=0.05		p>=0.05		p>=0.05				-		p>=0.05		p>=0.05		p>=0.05		p>=0.05		p>=0.05			
1779	Q	-		p>=0.05		p>=0.05		Q	-		-		-				Q	-		-		-		Q	-		p>=0.05		p>=0.05				-		p>=0.05		p>=0.05		-		p>=0.05		p>=0.05			
1780	L	-		-		-		L	-		p>=0.05		p>=0.05				L	-		-		-		L	-		p>=0.05		p>=0.05				-		-		-		-		p>=0.05		p>=0.05			
1781	E	-		-		-		E	p>=0.05		p>=0.05		p>=0.05				E	p>=0.05		-		p>=0.05		E	-		p>=0.05		p>=0.05				p>=0.05		-		p>=0.05		p>=0.05		p>=0.05		p>=0.05			
1782	W	-		-		-		W	-		p>=0.05		p>=0.05				W	-		p>=0.05		p>=0.05		W	-		-		-				-		p>=0.05		p>=0.05		-		p>=0.05		p>=0.05			
1783	M	-		-		-		M	-		p>=0.05		p>=0.05				M	-		p>=0.05		p>=0.05		M	-		-		-				-		p>=0.05		p>=0.05		-		p>=0.05		p>=0.05			
1784	V	-		-		-		V	-		p>=0.05		p>=0.05				V	-		p>=0.05		p>=0.05		V	-		-		-				-		p>=0.05		p>=0.05		-		p>=0.05		p>=0.05			
1785	Q	-		-		-		Q	-		-		-				Q	-		-		-		Q	-		-		-				-		-		-		-		-		-			
1786	L	-		-		-		L	-		-		-				L	-		-		-		L	-		-		-				-		-		-		-		-		-			
1787	C	-		-		-		C	-		-		-				C	-		-		-		C	-		-		-				-		-		-		-		-		-			
1788	G	-		-		-		G	-		-		-				G	-		-		-		G	-		-		-				-		-		-		-		-		-			
1789	A	-		p>=0.05		p>=0.05		A	-		-		-				A	-		-		-		A	-		p>=0.05		p>=0.05				-		p>=0.05		p>=0.05		-		p>=0.05		p>=0.05			
1790	S	-		p>=0.05		p>=0.05		S	-		-		-				S	-		-		-		S	-		p>=0.05		p>=0.05				-		p>=0.05		p>=0.05		-		p>=0.05		p>=0.05			
1791	V	-		p>=0.05		p>=0.05		V	-		-		-				V	-		-		-		V	-		p>=0.05		p>=0.05				-		p>=0.05		p>=0.05		-		p>=0.05		p>=0.05			
1792	V	-		-		-		V	-		-		-				V	-		-		-		V	-		-		-				-		-		-		-		-		-			
1793	K	-		-		-		K	-		-		-				K	-		-		-		K	-		-		-				-		-		-		-		-		-			
1794	E	-		p>=0.05		p>=0.05		E	-		-		-				E	-		p>=0.05		p>=0.05		E	-		-		-				-		p>=0.05		p>=0.05		-		-		-			
1795	L	p>=0.05		p>=0.05		p>=0.05		L	-		-		-				L	p>=0.05		p>=0.05		p>=0.05		L	-		-		-				p>=0.05		p>=0.05		p>=0.05		-		-		-			
1796	S	p>=0.05		p>=0.05		p>=0.05		S	-		-		-				S	p>=0.05		p>=0.05		p>=0.05		S	-		-		-				p>=0.05		p>=0.05		p>=0.05		-		-		-			
1797	S	-		p>=0.05		p>=0.05		S	-		-		-				S	-		p>=0.05		p>=0.05		S	-		-		-				-		p>=0.05		p>=0.05		-		-		-			
1798	F	-		-		-		F	-		-		-				F	-		-		-		F	-		-		-				-		-		-		-		-		-			
1799	T	-		-		-		T	-		p>=0.05		p>=0.05				T	-		p>=0.05		p>=0.05		T	-		-		-				-		p>=0.05		p>=0.05		-		p>=0.05		p>=0.05			
1800	L	-		-		-		L	p>=0.05		p>=0.05		p>=0.05				L	p>=0.05		p>=0.05		p>=0.05		L	-		-		-				p>=0.05		p>=0.05		p>=0.05		p>=0.05		p>=0.05		p>=0.05			
1801	G	-		-		-		G	-		p<0.05	0.0	p<0.05	0.0		Neg	G	-		-		-		G	-		p<0.05	4.0	p<0.05	4.0		Neg	-		-		-		-		p<0.05	3.0	p<0.05	1.0		Neg
1802	T	-		-		-		T	-		p<0.05	0.0	p<0.05	0.0		Neg	T	-		-		-		T	-		p<0.05	4.0	p<0.05	4.0		Neg	-		-		-		-		p<0.05	3.0	p<0.05	1.0		Neg
1803	G	-		-		-		G	p<0.05	1.0	p<0.05	0.0	p<0.05	0.0	Neg	Neg	G	-		-		-		G	p<0.05	2.0	p<0.05	4.0	p<0.05	4.0	Neg	Neg	-		-		-		p<0.05	1.0	p<0.05	3.0	p<0.05	1.0	Neg	Neg
1804	V	-		-		-		V	p<0.05	1.0	p<0.05	0.0	p<0.05	0.0	Neg	Neg	V	-		-		-		V	p<0.05	2.0	p<0.05	4.0	p<0.05	4.0	Neg	Neg	-		-		-		p<0.05	1.0	p<0.05	3.0	p<0.05	1.0	Neg	Neg
1805	H	-		-		-		H	-		p>=0.05		p>=0.05				H	-		-		-		H	-		p<0.05	4.0	p<0.05	4.0		Neg	-		-		-		-		p<0.05	3.0	p<0.05	1.0		Neg
1806	P	-		p>=0.05		p>=0.05		P	-		-		-				P	-		-		-		P	-		p>=0.05		p>=0.05				-		p>=0.05		p>=0.05		-		p>=0.05		p>=0.05			
1807	I	-		p>=0.05		p>=0.05		I	-		-		-				I	-		-		-		I	-		p>=0.05		p>=0.05				-		p>=0.05		p>=0.05		-		p>=0.05		p>=0.05			
1808	V	p>=0.05		p>=0.05		p>=0.05		V	-		-		-				V	p>=0.05		p>=0.05		p>=0.05		V	-		-		-				p>=0.05		p>=0.05		p>=0.05		-		-		-			
1809	V	-		p>=0.05		p>=0.05		V	-		-		-				V	-		-		-		V	-		p>=0.05		p>=0.05				-		p>=0.05		p>=0.05		-		p>=0.05		p>=0.05			
1810	V	-		-		-		V	p>=0.05		p>=0.05		p>=0.05				V	-		-		-		V	p>=0.05		p<0.05	0.0	p<0.05	0.0		Neg	-		-		-		p>=0.05		p>=0.05		p>=0.05			
1811	Q	-		p>=0.05		p>=0.05		Q	-		-		-				Q	-		-		-		Q	-		p>=0.05		p>=0.05				-		p>=0.05		p>=0.05		-		p>=0.05		p>=0.05			
1812	P	-		p>=0.05		p>=0.05		P	p>=0.05		-		p>=0.05				P	-		-		-		P	p>=0.05		p>=0.05		p>=0.05				-		p>=0.05		p>=0.05		p>=0.05		p>=0.05		p>=0.05			
1813	D	-		p>=0.05		p>=0.05		D	-		-		-				D	-		-		-		D	-		p>=0.05		p>=0.05				-		p>=0.05		p>=0.05		-		p>=0.05		p>=0.05			
1814	A	p>=0.05		p>=0.05		p>=0.05		A	-		-		-				A	-		-		-		A	p>=0.05		p>=0.05		p>=0.05				p<0.05	7.0	p>=0.05		p<0.05	2.0	p>=0.05		p>=0.05		p>=0.05		Pos	
1815	W	-		p>=0.05		p>=0.05		W	-		-		-				W	-		-		-		W	-		p>=0.05		p>=0.05				-		p>=0.05		p>=0.05		-		p>=0.05		p>=0.05			
1816	T	-		-		-		T	-		p<0.05	14.0	p<0.05	14.0		Neg	T	-		-		-		T	-		p<0.05	11.0	p<0.05	11.0		Neg	-		-		-		-		p<0.05	11.0	p<0.05	22.0		Neg
1817	E	-		-		-		E	p<0.05	2.0	p<0.05	14.0	p<0.05	14.0	Neg	Neg	E	-		-		-		E	p<0.05	0.0	p<0.05	11.0	p<0.05	11.0	Neg	Neg	-		-		-		p<0.05	2.0	p<0.05	11.0	p<0.05	22.0	Neg	Neg
1818	D	-		-		-		D	p<0.05	2.0	p<0.05	14.0	p<0.05	14.0	Neg	Neg	D	-		-		-		D	p<0.05	0.0	p<0.05	11.0	p<0.05	11.0	Neg	Neg	-		-		-		p<0.05	2.0	p<0.05	11.0	p<0.05	22.0	Neg	Neg
1819	N	-		-		-		N	-		p>=0.05		p>=0.05				N	-		-		-		N	-		p>=0.05		p>=0.05				-		-		-		-		p>=0.05		p>=0.05			
1820	G	p>=0.05		-		p>=0.05		G	-		p>=0.05		p>=0.05				G	p>=0.05		-		p>=0.05		G	-		p>=0.05		p>=0.05				p>=0.05		-		p>=0.05		-		p>=0.05		p>=0.05			
1821	F	-		p>=0.05		p>=0.05		F	-		-		-				F	-		-		-		F	-		p>=0.05		p>=0.05				-		p>=0.05		p>=0.05		-		p>=0.05		p>=0.05			
1822	H	-		p>=0.05		p>=0.05		H	-		-		-				H	-		-		-		H	-		p>=0.05		p>=0.05				-		p>=0.05		p>=0.05		-		p>=0.05		p>=0.05			
1823	A	-		p>=0.05		p>=0.05		A	p>=0.05		-		p>=0.05				A	-		-		-		A	p>=0.05		p>=0.05		p>=0.05				-		p>=0.05		p>=0.05		p>=0.05		p>=0.05		p>=0.05			
1824	I	-		-		-		I	-		p>=0.05		p>=0.05				I	-		-		-		I	-		p>=0.05		p>=0.05				-		-		-		-		p>=0.05		p>=0.05			
1825	G	-		-		-		G	-		p>=0.05		p>=0.05				G	-		p>=0.05		p>=0.05		G	-		-		-				-		p>=0.05		p>=0.05		-		p>=0.05		p>=0.05			
1826	Q	-		-		-		Q	-		p>=0.05		p>=0.05				Q	-		p>=0.05		p>=0.05		Q	-		-		-				-		p>=0.05		p>=0.05		-		p>=0.05		p>=0.05			
1827	M	-		-		-		M	p>=0.05		p>=0.05		p>=0.05				M	p>=0.05		p>=0.05		p>=0.05		M	-		-		-				p>=0.05		p>=0.05		p>=0.05		p>=0.05		p>=0.05		p>=0.05			
1828	C	-		-		-		C	p>=0.05		p>=0.05		p>=0.05				C	p>=0.05		p>=0.05		p>=0.05		C	-		-		-				p>=0.05		p>=0.05		p>=0.05		p>=0.05		p>=0.05		p>=0.05			
1829	E	-		-		-		E	-		p>=0.05		p>=0.05				E	-		p>=0.05		p>=0.05		E	-		-		-				-		p>=0.05		p>=0.05		-		p>=0.05		p>=0.05			
1830	A	-		-		-		A	-		p>=0.05		p>=0.05				A	-		-		-		A	-		p>=0.05		p>=0.05				-		-		-		-		p>=0.05		p>=0.05			
1831	P	-		-		-		P	p>=0.05		p>=0.05		p>=0.05				P	-		-		-		P	p>=0.05		p>=0.05		p>=0.05				-		-		-		p>=0.05		p>=0.05		p>=0.05			
1832	V	-		p>=0.05		p>=0.05		V	-		-		-				V	-		-		-		V	-		p>=0.05		p>=0.05				-		p>=0.05		p>=0.05		-		p>=0.05		p>=0.05			
1833	V	-		-		-		V	-		-		-				V	-		-		-		V	-		-		-				-		-		-		-		-		-			
1834	T	-		-		-		T	-		p>=0.05		p>=0.05				T	-		-		-		T	-		p<0.05	0.0	p<0.05	0.0		Neg	-		-		-		-		p>=0.05		p>=0.05			
1835	R	-		-		-		R	-		p>=0.05		p>=0.05				R	-		-		-		R	-		p<0.05	0.0	p<0.05	0.0		Neg	-		-		-		-		p>=0.05		p>=0.05			
1836	E	-		-		-		E	-		p<0.05	15.0	p<0.05	15.0		Neg	E	-		-		-		E	-		p>=0.05		p>=0.05				-		-		-		-		p>=0.05		p>=0.05			
1837	W	-		-		-		W	-		p>=0.05		p>=0.05				W	-		-		-		W	-		p>=0.05		p>=0.05				-		-		-		-		p>=0.05		p>=0.05			
1838	V	-		-		-		V	-		p>=0.05		p>=0.05				V	-		-		-		V	-		p>=0.05		p>=0.05				-		-		-		-		p>=0.05		p>=0.05			
1839	L	-		-		-		L	-		p>=0.05		p>=0.05				L	-		-		-		L	-		p>=0.05		p>=0.05				-		-		-		-		p>=0.05		p>=0.05			
1840	D	-		-		-		D	p>=0.05		p>=0.05		p>=0.05				D	-		-		-		D	p>=0.05		p>=0.05		p>=0.05				-		-		-		p>=0.05		p>=0.05		p>=0.05			
1841	S	-		-		-		S	p>=0.05		p>=0.05		p>=0.05				S	p>=0.05		-		p>=0.05		S	-		p>=0.05		p>=0.05				p>=0.05		-		p>=0.05		p>=0.05		p>=0.05		p>=0.05			
1842	V	-		-		-		V	-		p>=0.05		p>=0.05				V	-		-		-		V	-		p>=0.05		p>=0.05				-		-		-		-		p>=0.05		p>=0.05			
1843	A	p>=0.05		-		p>=0.05		A	-		p>=0.05		p>=0.05				A	-		-		-		A	p>=0.05		p>=0.05		p>=0.05				p>=0.05		-		p>=0.05		p>=0.05		p>=0.05		p>=0.05			
1844	L	p>=0.05		-		p>=0.05		L	-		p>=0.05		p>=0.05				L	-		-		-		L	p>=0.05		p>=0.05		p>=0.05				p>=0.05		-		p>=0.05		p>=0.05		p>=0.05		p>=0.05			
1845	Y	-		-		-		Y	-		p>=0.05		p>=0.05				Y	-		-		-		Y	-		p>=0.05		p>=0.05				-		-		-		-		p>=0.05		p>=0.05			
1846	Q	-		-		-		Q	-		p>=0.05		p>=0.05				Q	-		-		-		Q	-		p>=0.05		p>=0.05				-		-		-		-		p>=0.05		p>=0.05			
1847	C	-		-		-		C	-		p>=0.05		p>=0.05				C	-		p>=0.05		p>=0.05		C	-		-		-				-		p>=0.05		p>=0.05		-		p>=0.05		p>=0.05			
1848	Q	-		-		-		Q	-		p>=0.05		p>=0.05				Q	-		p>=0.05		p>=0.05		Q	-		-		-				-		p>=0.05		p>=0.05		-		p>=0.05		p>=0.05			
1849	E	-		-		-		E	-		p>=0.05		p>=0.05				E	-		-		-		E	-		p>=0.05		p>=0.05				-		-		-		-		p>=0.05		p>=0.05			
1850	L	-		-		-		L	-		p>=0.05		p>=0.05				L	-		-		-		L	-		p>=0.05		p>=0.05				-		-		-		-		p>=0.05		p>=0.05			
1851	D	-		-		-		D	p>=0.05		p>=0.05		p>=0.05				D	-		-		-		D	p>=0.05		p>=0.05		p>=0.05				-		-		-		p>=0.05		p>=0.05		p>=0.05			
1852	T	-		-		-		T	-		p>=0.05		p>=0.05				T	-		-		-		T	-		p>=0.05		p>=0.05				-		-		-		-		p>=0.05		p>=0.05			
1853	Y	-		-		-		Y	-		p>=0.05		p>=0.05				Y	-		-		-		Y	-		p>=0.05		p>=0.05				-		-		-		-		p>=0.05		p>=0.05			
1854	L	-		-		-		L	-		p>=0.05		p>=0.05				L	-		-		-		L	-		p>=0.05		p>=0.05				-		-		-		-		p>=0.05		p>=0.05			
1855	I	-		-		-		I	-		-		-				I	-		-		-		I	-		-		-				-		-		-		-		-		-			
1856	P	-		-		-		P	-		-		-				P	-		-		-		P	-		-		-				-		-		-		-		-		-			
1857	Q	-		-		-		Q	-		-		-				Q	-		-		-		Q	-		-		-				-		-		-		-		-		-			
1858	I	-		-		-		I	-		p>=0.05		p>=0.05				I	-		-		-		I	-		p>=0.05		p>=0.05				-		-		-		-		p>=0.05		p>=0.05			
1859	P	-		-		-		P	-		-		-				P	-		-		-		P	-		-		-				-		-		-		-		-		-			
1860	H	-		-		-		H	-		p>=0.05		p>=0.05				H	-		p<0.05	25.0	p<0.05	25.0	H	-		-		-			Pos	-		p>=0.05		p>=0.05		-		p>=0.05		p>=0.05			
1861	S	-		-		-		S	p>=0.05		p>=0.05		p>=0.05				S	p>=0.05		p<0.05	25.0	p<0.05	25.0	S	-		-		-			Pos	p>=0.05		p>=0.05		p>=0.05		p>=0.05		p>=0.05		p>=0.05			
1862	H	-		-		-		H	-		p>=0.05		p>=0.05				H	-		p<0.05	25.0	p<0.05	25.0	H	-		-		-			Pos	-		p>=0.05		p>=0.05		-		p>=0.05		p>=0.05			
1863	Y	-		-		-		Y	-		-		-				Y	-		-		-		Y	-		-		-				-		-		-		-		-		-			
